id	japanese	species_japanese	full_english	display	glossary_references	status	source_ids	notes
ally.nickname.000	トルネコ	トルネコ	Torneko	Torko	torneko	retained_character_name		Retains the existing scoped glossary identity. This table row is not proof of ordinary monster recruitment. Full name retained as Torneko; Torko is an explicit project short display for the five-character stored field, not another official localization. Duplicate recruits retain their numeric suffix; a five-letter base loses its last letter before adding the digit.
ally.nickname.001	スモグル	スモールグール	Smogul	Smogu	ally.nickname.source-001aaaac	project_nickname_adaptation		Independent adaptation of the original personal nickname, preserving phonetic or wordplay cues; not an official species-name replacement. Full name retained as Smogul; Smogu is an explicit project short display for the five-character stored field, not another official localization. Duplicate recruits retain their numeric suffix; a five-letter base loses its last letter before adding the digit.
ally.nickname.002	ベロベエ	ベロベロ	Berobay	Bero	ally.nickname.source-001aaaa0	project_nickname_adaptation		Independent adaptation of the original personal nickname, preserving phonetic or wordplay cues; not an official species-name replacement. Full name retained as Berobay; Bero is an explicit project short display for the five-character stored field, not another official localization. Duplicate recruits retain their numeric suffix; a five-letter base loses its last letter before adding the digit.
ally.nickname.003	はぐりん	はぐれメタル	Merc		ally.nickname.source-001aaa94	modern_official_nickname_secondary_inferred_ordinal	nickname_dq5_japanese,nickname_dq5_english	Exact Japanese nickname/species matches DQ V recruit number 1. English counterpart inferred from the same ordinal in the DS guide; secondary evidence, not a direct bilingual capture. Other DQ V defaults are not substituted merely because the species matches. Duplicate recruits retain their numeric suffix; a five-letter base loses its last letter before adding the digit.
ally.nickname.004	バブルス	バブルスライム	Bubbles	Bubbs	ally.nickname.source-001aaa88	project_nickname_adaptation		Independent adaptation of the original personal nickname, preserving phonetic or wordplay cues; not an official species-name replacement. Full name retained as Bubbles; Bubbs is an explicit project short display for the five-character stored field, not another official localization. Duplicate recruits retain their numeric suffix; a five-letter base loses its last letter before adding the digit.
ally.nickname.005	イエッタ	イエティ	Sloth		ally.nickname.source-001aaa7c	modern_official_nickname_secondary_inferred_ordinal	nickname_dq5_japanese,nickname_dq5_english	Exact Japanese nickname/species matches DQ V recruit number 1. English counterpart inferred from the same ordinal in the DS guide; secondary evidence, not a direct bilingual capture. Other DQ V defaults are not substituted merely because the species matches. Duplicate recruits retain their numeric suffix; a five-letter base loses its last letter before adding the digit.
ally.nickname.006	ビッグス	ビッグスロース	Biggs		ally.nickname.source-001aaa70	project_nickname_adaptation		Independent adaptation of the original personal nickname, preserving phonetic or wordplay cues; not an official species-name replacement. Duplicate recruits retain their numeric suffix; a five-letter base loses its last letter before adding the digit.
ally.nickname.007	マドーン	マドハンド	Maddon	Maddy	ally.nickname.source-001aaa64	project_nickname_adaptation		Independent adaptation of the original personal nickname, preserving phonetic or wordplay cues; not an official species-name replacement. Full name retained as Maddon; Maddy is an explicit project short display for the five-character stored field, not another official localization. Duplicate recruits retain their numeric suffix; a five-letter base loses its last letter before adding the digit.
ally.nickname.008	ブラバン	ブラッドハンド	Braban	Brab	ally.nickname.source-001aaa58	project_nickname_adaptation		Independent adaptation of the original personal nickname, preserving phonetic or wordplay cues; not an official species-name replacement. Full name retained as Braban; Brab is an explicit project short display for the five-character stored field, not another official localization. Duplicate recruits retain their numeric suffix; a five-letter base loses its last letter before adding the digit.
ally.nickname.009	はねじい	はねせんにん	Wingsage	Wingo	ally.nickname.source-001aaa4c	project_nickname_adaptation		Independent adaptation of the original personal nickname, preserving phonetic or wordplay cues; not an official species-name replacement. Full name retained as Wingsage; Wingo is an explicit project short display for the five-character stored field, not another official localization. Duplicate recruits retain their numeric suffix; a five-letter base loses its last letter before adding the digit.
ally.nickname.010	ハエール	ハエまどう	Hael		ally.nickname.source-001aaa40	project_nickname_adaptation		Independent adaptation of the original personal nickname, preserving phonetic or wordplay cues; not an official species-name replacement. Duplicate recruits retain their numeric suffix; a five-letter base loses its last letter before adding the digit.
ally.nickname.011	リリー	リリパット	Lily		ally.nickname.source-001aaa38	project_nickname_adaptation		Independent adaptation of the original personal nickname, preserving phonetic or wordplay cues; not an official species-name replacement. Duplicate recruits retain their numeric suffix; a five-letter base loses its last letter before adding the digit.
ally.nickname.012	アローン	アローインプ	Arlon		ally.nickname.source-001aaa2c	project_nickname_adaptation		Independent adaptation of the original personal nickname, preserving phonetic or wordplay cues; not an official species-name replacement. Duplicate recruits retain their numeric suffix; a five-letter base loses its last letter before adding the digit.
ally.nickname.013	ドック	どくやずきん	Doc		ally.nickname.source-001aaa24	project_nickname_adaptation		Independent adaptation of the original personal nickname, preserving phonetic or wordplay cues; not an official species-name replacement. Duplicate recruits retain their numeric suffix; a five-letter base loses its last letter before adding the digit.
ally.nickname.014	ナイパー	ドッグスナイパー	Sniper	Snipe	ally.nickname.source-001aaa18	project_nickname_adaptation		Independent adaptation of the original personal nickname, preserving phonetic or wordplay cues; not an official species-name replacement. Full name retained as Sniper; Snipe is an explicit project short display for the five-character stored field, not another official localization. Duplicate recruits retain their numeric suffix; a five-letter base loses its last letter before adding the digit.
ally.nickname.015	ゴレムス	ゴーレム	Mason		ally.nickname.source-001aaa0c	modern_official_nickname_secondary_inferred_ordinal	nickname_dq5_japanese,nickname_dq5_english	Exact Japanese nickname/species matches DQ V recruit number 1. English counterpart inferred from the same ordinal in the DS guide; secondary evidence, not a direct bilingual capture. Other DQ V defaults are not substituted merely because the species matches. Duplicate recruits retain their numeric suffix; a five-letter base loses its last letter before adding the digit.
ally.nickname.016	ストーム	ストーンマン	Strom		ally.nickname.source-001aaa00	project_nickname_adaptation		Independent adaptation of the original personal nickname, preserving phonetic or wordplay cues; not an official species-name replacement. Duplicate recruits retain their numeric suffix; a five-letter base loses its last letter before adding the digit.
ally.nickname.017	ゴルドン	ゴールドマン	Goldon	Goldo	ally.nickname.source-001aa9f4	project_nickname_adaptation		Independent adaptation of the original personal nickname, preserving phonetic or wordplay cues; not an official species-name replacement. Full name retained as Goldon; Goldo is an explicit project short display for the five-character stored field, not another official localization. Duplicate recruits retain their numeric suffix; a five-letter base loses its last letter before adding the digit.
ally.nickname.018	ホイミン	ホイミスライム	Healie	Healy	ally.nickname.source-001aa9e8	modern_shared_nickname_secondary_editorial_reuse	nickname_healie	Use the explicit modern ホイミン/Healie pairing as a shared nickname. DQ V first-recruit naming differs; no claim this Torneko recruit is the IV/VI character. Full name retained as Healie; Healy is an explicit project short display for the five-character stored field, not another official localization. Duplicate recruits retain their numeric suffix; a five-letter base loses its last letter before adding the digit.
ally.nickname.019	べホマン	ベホマスライム	Curetis	Curet	ally.nickname.source-001aa9dc	modern_official_nickname_secondary_inferred_ordinal	nickname_dq5_japanese,nickname_dq5_english	Exact Japanese nickname/species matches DQ V recruit number 1. English counterpart inferred from the same ordinal in the DS guide; secondary evidence, not a direct bilingual capture. Other DQ V defaults are not substituted merely because the species matches. Full name retained as Curetis; Curet is an explicit project short display for the five-character stored field, not another official localization. Duplicate recruits retain their numeric suffix; a five-letter base loses its last letter before adding the digit.
ally.nickname.020	シビル	しびれくらげ	Sybil		ally.nickname.source-001aa9d4	project_nickname_adaptation		Independent adaptation of the original personal nickname, preserving phonetic or wordplay cues; not an official species-name replacement. Duplicate recruits retain their numeric suffix; a five-letter base loses its last letter before adding the digit.
ally.nickname.021	スラリン	スライム	Gootrude	Gooty	ally.nickname.source-001aa9c8	modern_official_nickname_secondary_inferred_ordinal	nickname_dq5_japanese,nickname_dq5_english	Exact Japanese nickname/species matches DQ V recruit number 1. English counterpart inferred from the same ordinal in the DS guide; secondary evidence, not a direct bilingual capture. Other DQ V defaults are not substituted merely because the species matches. Full name retained as Gootrude; Gooty is an explicit project short display for the five-character stored field, not another official localization. Duplicate recruits retain their numeric suffix; a five-letter base loses its last letter before adding the digit.
ally.nickname.022	べスター	スライムベス	Bester	Besty	ally.nickname.source-001aa9bc	project_nickname_adaptation		Independent adaptation of the original personal nickname, preserving phonetic or wordplay cues; not an official species-name replacement. Full name retained as Bester; Besty is an explicit project short display for the five-character stored field, not another official localization. Duplicate recruits retain their numeric suffix; a five-letter base loses its last letter before adding the digit.
ally.nickname.023	メタラン	メタルスライム	Metalan	Metty	ally.nickname.source-001aa9b0	project_nickname_adaptation		Independent adaptation of the original personal nickname, preserving phonetic or wordplay cues; not an official species-name replacement. Full name retained as Metalan; Metty is an explicit project short display for the five-character stored field, not another official localization. Duplicate recruits retain their numeric suffix; a five-letter base loses its last letter before adding the digit.
ally.nickname.024	オニオン	オニオーン	Onion		ally.nickname.source-001aa9a4	project_nickname_adaptation		Independent adaptation of the original personal nickname, preserving phonetic or wordplay cues; not an official species-name replacement. Duplicate recruits retain their numeric suffix; a five-letter base loses its last letter before adding the digit.
ally.nickname.025	たまきち	たまねぎマン	Tamakichi	Tama	ally.nickname.source-001aa998	project_nickname_adaptation		Independent adaptation of the original personal nickname, preserving phonetic or wordplay cues; not an official species-name replacement. Full name retained as Tamakichi; Tama is an explicit project short display for the five-character stored field, not another official localization. Duplicate recruits retain their numeric suffix; a five-letter base loses its last letter before adding the digit.
ally.nickname.026	ビルポ	エビルポット	Bilpo		ally.nickname.source-001aa990	project_nickname_adaptation		Independent adaptation of the original personal nickname, preserving phonetic or wordplay cues; not an official species-name replacement. Duplicate recruits retain their numeric suffix; a five-letter base loses its last letter before adding the digit.
ally.nickname.027	ヨガジン	ようがんまじん	Yogajin	Yogi	ally.nickname.source-001aa984	project_nickname_adaptation		Independent adaptation of the original personal nickname, preserving phonetic or wordplay cues; not an official species-name replacement. Full name retained as Yogajin; Yogi is an explicit project short display for the five-character stored field, not another official localization. Duplicate recruits retain their numeric suffix; a five-letter base loses its last letter before adding the digit.
ally.nickname.028	ヒョウマ	ひょうがまじん	Hyoma		ally.nickname.source-001aa978	project_nickname_adaptation		Independent adaptation of the original personal nickname, preserving phonetic or wordplay cues; not an official species-name replacement. Duplicate recruits retain their numeric suffix; a five-letter base loses its last letter before adding the digit.
ally.nickname.029	マイケル	ゆうれい	Michael	Mikey	ally.nickname.source-001aa96c	project_nickname_adaptation		Independent adaptation of the original personal nickname, preserving phonetic or wordplay cues; not an official species-name replacement. Full name retained as Michael; Mikey is an explicit project short display for the five-character stored field, not another official localization. Duplicate recruits retain their numeric suffix; a five-letter base loses its last letter before adding the digit.
ally.nickname.030	シナス	しにがみ	Shinas	Shina	ally.nickname.source-001aa964	project_nickname_adaptation		Independent adaptation of the original personal nickname, preserving phonetic or wordplay cues; not an official species-name replacement. Full name retained as Shinas; Shina is an explicit project short display for the five-character stored field, not another official localization. Duplicate recruits retain their numeric suffix; a five-letter base loses its last letter before adding the digit.
ally.nickname.031	シャアマ	シャーマン	Sharma	Sharm	ally.nickname.source-001aa958	project_nickname_adaptation		Independent adaptation of the original personal nickname, preserving phonetic or wordplay cues; not an official species-name replacement. Full name retained as Sharma; Sharm is an explicit project short display for the five-character stored field, not another official localization. Duplicate recruits retain their numeric suffix; a five-letter base loses its last letter before adding the digit.
ally.nickname.032	ゾマ	ゾンビマスター	Zoma		ally.nickname.source-001aa950	project_nickname_adaptation		Independent adaptation of the original personal nickname, preserving phonetic or wordplay cues; not an official species-name replacement. Duplicate recruits retain their numeric suffix; a five-letter base loses its last letter before adding the digit.
ally.nickname.033	オーメン	おおめだま	Omen		ally.nickname.source-001aa944	project_nickname_adaptation		Independent adaptation of the original personal nickname, preserving phonetic or wordplay cues; not an official species-name replacement. Duplicate recruits retain their numeric suffix; a five-letter base loses its last letter before adding the digit.
ally.nickname.034	スペック	スペクテット	Speck		ally.nickname.source-001aa938	project_nickname_adaptation		Independent adaptation of the original personal nickname, preserving phonetic or wordplay cues; not an official species-name replacement. Duplicate recruits retain their numeric suffix; a five-letter base loses its last letter before adding the digit.
ally.nickname.035	ジャック	トロル	Jack		ally.nickname.source-001aa92c	project_nickname_adaptation		Independent adaptation of the original personal nickname, preserving phonetic or wordplay cues; not an official species-name replacement. Duplicate recruits retain their numeric suffix; a five-letter base loses its last letter before adding the digit.
ally.nickname.036	ボンバス	トロルボンバー	Bombas	Bomba	ally.nickname.source-001aa920	project_nickname_adaptation		Independent adaptation of the original personal nickname, preserving phonetic or wordplay cues; not an official species-name replacement. Full name retained as Bombas; Bomba is an explicit project short display for the five-character stored field, not another official localization. Duplicate recruits retain their numeric suffix; a five-letter base loses its last letter before adding the digit.
ally.nickname.037	トルキン	トロルキング	Trolkin	Trolk	ally.nickname.source-001aa914	project_nickname_adaptation		Independent adaptation of the original personal nickname, preserving phonetic or wordplay cues; not an official species-name replacement. Full name retained as Trolkin; Trolk is an explicit project short display for the five-character stored field, not another official localization. Duplicate recruits retain their numeric suffix; a five-letter base loses its last letter before adding the digit.
ally.nickname.038	スミス	くさった死体	Hork		ally.nickname.source-001aa90c	modern_official_nickname_secondary_inferred_ordinal	nickname_dq5_japanese,nickname_dq5_english	Exact Japanese nickname/species matches DQ V recruit number 1. English counterpart inferred from the same ordinal in the DS guide; secondary evidence, not a direct bilingual capture. Other DQ V defaults are not substituted merely because the species matches. Duplicate recruits retain their numeric suffix; a five-letter base loses its last letter before adding the digit.
ally.nickname.039	ジョン	リビングデッド	John		ally.nickname.source-001aa904	project_nickname_adaptation		Independent adaptation of the original personal nickname, preserving phonetic or wordplay cues; not an official species-name replacement. Duplicate recruits retain their numeric suffix; a five-letter base loses its last letter before adding the digit.
ally.nickname.040	グルカ	グール	Gurka		ally.nickname.source-001aa8fc	project_nickname_adaptation		Independent adaptation of the original personal nickname, preserving phonetic or wordplay cues; not an official species-name replacement. Duplicate recruits retain their numeric suffix; a five-letter base loses its last letter before adding the digit.
ally.nickname.041	ドレドレ	どくどくゾンビ	Doredore	Dory	ally.nickname.source-001aa8f0	project_nickname_adaptation		Independent adaptation of the original personal nickname, preserving phonetic or wordplay cues; not an official species-name replacement. Full name retained as Doredore; Dory is an explicit project short display for the five-character stored field, not another official localization. Duplicate recruits retain their numeric suffix; a five-letter base loses its last letter before adding the digit.
ally.nickname.042	ドーラ	ドラゴン	Dora		ally.nickname.source-001aa8e8	project_nickname_adaptation		Independent adaptation of the original personal nickname, preserving phonetic or wordplay cues; not an official species-name replacement. Duplicate recruits retain their numeric suffix; a five-letter base loses its last letter before adding the digit.
ally.nickname.043	キース	キースドラゴン	Keith		ally.nickname.source-001aa8e0	project_nickname_adaptation		Independent adaptation of the original personal nickname, preserving phonetic or wordplay cues; not an official species-name replacement. Duplicate recruits retain their numeric suffix; a five-letter base loses its last letter before adding the digit.
ally.nickname.044	ダース	ダースドラゴン	Darth		ally.nickname.source-001aa8d8	project_nickname_adaptation		Independent adaptation of the original personal nickname, preserving phonetic or wordplay cues; not an official species-name replacement. Duplicate recruits retain their numeric suffix; a five-letter base loses its last letter before adding the digit.
ally.nickname.045	ボーンズ	がいこつけんし	Bones		ally.nickname.source-001aa8cc	project_nickname_adaptation		Independent adaptation of the original personal nickname, preserving phonetic or wordplay cues; not an official species-name replacement. Duplicate recruits retain their numeric suffix; a five-letter base loses its last letter before adding the digit.
ally.nickname.046	リョウキ	しりょうのきし	Ryoki		ally.nickname.source-001aa8c0	project_nickname_adaptation		Independent adaptation of the original personal nickname, preserving phonetic or wordplay cues; not an official species-name replacement. Duplicate recruits retain their numeric suffix; a five-letter base loses its last letter before adding the digit.
ally.nickname.047	ブラック	かげのきし	Black		ally.nickname.source-001aa8b4	project_nickname_adaptation		Independent adaptation of the original personal nickname, preserving phonetic or wordplay cues; not an official species-name replacement. Duplicate recruits retain their numeric suffix; a five-letter base loses its last letter before adding the digit.
ally.nickname.048	シルバ	シルバーデビル	Silva		ally.nickname.source-001aa8ac	project_nickname_adaptation		Independent adaptation of the original personal nickname, preserving phonetic or wordplay cues; not an official species-name replacement. Duplicate recruits retain their numeric suffix; a five-letter base loses its last letter before adding the digit.
ally.nickname.049	バズー	バズズ	Bazoo		ally.nickname.source-001aa8a4	project_nickname_adaptation		Independent adaptation of the original personal nickname, preserving phonetic or wordplay cues; not an official species-name replacement. Duplicate recruits retain their numeric suffix; a five-letter base loses its last letter before adding the digit.
ally.nickname.050	デビッド	デビルロード	David		ally.nickname.source-001aa898	project_nickname_adaptation		Independent adaptation of the original personal nickname, preserving phonetic or wordplay cues; not an official species-name replacement. Duplicate recruits retain their numeric suffix; a five-letter base loses its last letter before adding the digit.
ally.nickname.051	ゲラゲラ	笑いぶくろ	Giggles	Giggs	ally.nickname.source-001aa88c	project_nickname_adaptation		Independent adaptation of the original personal nickname, preserving phonetic or wordplay cues; not an official species-name replacement. Full name retained as Giggles; Giggs is an explicit project short display for the five-character stored field, not another official localization. Duplicate recruits retain their numeric suffix; a five-letter base loses its last letter before adding the digit.
ally.nickname.052	ジュエル	おどる宝石	Gumdrops	Gumbo	ally.nickname.source-001aa880	modern_official_nickname_secondary_inferred_ordinal	nickname_dq5_japanese,nickname_dq5_english	Exact Japanese nickname/species matches DQ V recruit number 1. English counterpart inferred from the same ordinal in the DS guide; secondary evidence, not a direct bilingual capture. Other DQ V defaults are not substituted merely because the species matches. Full name retained as Gumdrops; Gumbo is an explicit project short display for the five-character stored field, not another official localization. Duplicate recruits retain their numeric suffix; a five-letter base loses its last letter before adding the digit.
ally.nickname.053	キノコ	おばけキノコ	Mush		ally.nickname.source-001aa878	project_nickname_adaptation		Independent adaptation of the original personal nickname, preserving phonetic or wordplay cues; not an official species-name replacement. Duplicate recruits retain their numeric suffix; a five-letter base loses its last letter before adding the digit.
ally.nickname.054	マタゴン	マタンゴ	Matagon	Mata	ally.nickname.source-001aa86c	project_nickname_adaptation		Independent adaptation of the original personal nickname, preserving phonetic or wordplay cues; not an official species-name replacement. Full name retained as Matagon; Mata is an explicit project short display for the five-character stored field, not another official localization. Duplicate recruits retain their numeric suffix; a five-letter base loses its last letter before adding the digit.
ally.nickname.055	マジタン	マージマタンゴ	Magitan	Magi	ally.nickname.source-001aa860	project_nickname_adaptation		Independent adaptation of the original personal nickname, preserving phonetic or wordplay cues; not an official species-name replacement. Full name retained as Magitan; Magi is an explicit project short display for the five-character stored field, not another official localization. Duplicate recruits retain their numeric suffix; a five-letter base loses its last letter before adding the digit.
ally.nickname.056	ウィズ	まどうし	Wiz		ally.nickname.source-001aa858	project_nickname_adaptation		Independent adaptation of the original personal nickname, preserving phonetic or wordplay cues; not an official species-name replacement. Duplicate recruits retain their numeric suffix; a five-letter base loses its last letter before adding the digit.
ally.nickname.057	ワイズ	だいまどう	Wise		ally.nickname.source-001aa850	project_nickname_adaptation		Independent adaptation of the original personal nickname, preserving phonetic or wordplay cues; not an official species-name replacement. Duplicate recruits retain their numeric suffix; a five-letter base loses its last letter before adding the digit.
ally.nickname.058	ビータン	ベビーサタン	Beatan	Beaty	ally.nickname.source-001aa844	project_nickname_adaptation		Independent adaptation of the original personal nickname, preserving phonetic or wordplay cues; not an official species-name replacement. Full name retained as Beatan; Beaty is an explicit project short display for the five-character stored field, not another official localization. Duplicate recruits retain their numeric suffix; a five-letter base loses its last letter before adding the digit.
ally.nickname.059	ミニモン	ミニデーモン	Thamthon	Tham	ally.nickname.source-001aa838	modern_official_nickname_secondary_inferred_ordinal	nickname_dq5_japanese,nickname_dq5_english	Exact Japanese nickname/species matches DQ V recruit number 1. English counterpart inferred from the same ordinal in the DS guide; secondary evidence, not a direct bilingual capture. Other DQ V defaults are not substituted merely because the species matches. Full name retained as Thamthon; Tham is an explicit project short display for the five-character stored field, not another official localization. Duplicate recruits retain their numeric suffix; a five-letter base loses its last letter before adding the digit.
ally.nickname.060	ミリア	つかいま	Miria		ally.nickname.source-001aa830	project_nickname_adaptation		Independent adaptation of the original personal nickname, preserving phonetic or wordplay cues; not an official species-name replacement. Duplicate recruits retain their numeric suffix; a five-letter base loses its last letter before adding the digit.
ally.nickname.061	ミスター	ミステリドール	Mister	Misty	ally.nickname.source-001aa824	project_nickname_adaptation		Independent adaptation of the original personal nickname, preserving phonetic or wordplay cues; not an official species-name replacement. Full name retained as Mister; Misty is an explicit project short display for the five-character stored field, not another official localization. Duplicate recruits retain their numeric suffix; a five-letter base loses its last letter before adding the digit.
ally.nickname.062	イッシー	いしにんぎょう	Ishy		ally.nickname.source-001aa818	project_nickname_adaptation		Independent adaptation of the original personal nickname, preserving phonetic or wordplay cues; not an official species-name replacement. Duplicate recruits retain their numeric suffix; a five-letter base loses its last letter before adding the digit.
ally.nickname.063	どろすけ	どろにんぎょう	Dorosuke	Doro	ally.nickname.source-001aa80c	project_nickname_adaptation		Independent adaptation of the original personal nickname, preserving phonetic or wordplay cues; not an official species-name replacement. Full name retained as Dorosuke; Doro is an explicit project short display for the five-character stored field, not another official localization. Duplicate recruits retain their numeric suffix; a five-letter base loses its last letter before adding the digit.
ally.nickname.064	ペットン	パペットマン	Petton	Petto	ally.nickname.source-001aa800	project_nickname_adaptation		Independent adaptation of the original personal nickname, preserving phonetic or wordplay cues; not an official species-name replacement. Full name retained as Petton; Petto is an explicit project short display for the five-character stored field, not another official localization. Duplicate recruits retain their numeric suffix; a five-letter base loses its last letter before adding the digit.
ally.nickname.065	ミミー	ミミック	Mimmy		ally.nickname.source-001aa7f8	project_nickname_adaptation		Independent adaptation of the original personal nickname, preserving phonetic or wordplay cues; not an official species-name replacement. Duplicate recruits retain their numeric suffix; a five-letter base loses its last letter before adding the digit.
ally.nickname.066	ボクセル	ひとくいばこ	Boxel		ally.nickname.source-001aa7ec	project_nickname_adaptation		Independent adaptation of the original personal nickname, preserving phonetic or wordplay cues; not an official species-name replacement. Duplicate recruits retain their numeric suffix; a five-letter base loses its last letter before adding the digit.
ally.nickname.067	バース	バーサーカー	Bers		ally.nickname.source-001aa7e4	project_nickname_adaptation		Independent adaptation of the original personal nickname, preserving phonetic or wordplay cues; not an official species-name replacement. Duplicate recruits retain their numeric suffix; a five-letter base loses its last letter before adding the digit.
ally.nickname.068	ドラきち	ドラキー	Vlad		ally.nickname.source-001aa7d8	modern_official_nickname_secondary_inferred_ordinal	nickname_dq5_japanese,nickname_dq5_english	Exact Japanese nickname/species matches DQ V recruit number 1. English counterpart inferred from the same ordinal in the DS guide; secondary evidence, not a direct bilingual capture. Other DQ V defaults are not substituted merely because the species matches. Duplicate recruits retain their numeric suffix; a five-letter base loses its last letter before adding the digit.
ally.nickname.069	タッポ	タホドラキー	Tappo		ally.nickname.source-001aa7d0	project_nickname_adaptation		Independent adaptation of the original personal nickname, preserving phonetic or wordplay cues; not an official species-name replacement. Duplicate recruits retain their numeric suffix; a five-letter base loses its last letter before adding the digit.
ally.nickname.070	ラキマ	ドラキーマ	Rakima	Raki	ally.nickname.source-001aa7c8	project_nickname_adaptation		Independent adaptation of the original personal nickname, preserving phonetic or wordplay cues; not an official species-name replacement. Full name retained as Rakima; Raki is an explicit project short display for the five-character stored field, not another official localization. Duplicate recruits retain their numeric suffix; a five-letter base loses its last letter before adding the digit.
ally.nickname.071	ジェイド	シャドー	Jade		ally.nickname.source-001aa7bc	project_nickname_adaptation		Independent adaptation of the original personal nickname, preserving phonetic or wordplay cues; not an official species-name replacement. Duplicate recruits retain their numeric suffix; a five-letter base loses its last letter before adding the digit.
ally.nickname.072	あやか	あやしいかげ	Ayaka		ally.nickname.source-001aa7b4	project_nickname_adaptation		Independent adaptation of the original personal nickname, preserving phonetic or wordplay cues; not an official species-name replacement. Duplicate recruits retain their numeric suffix; a five-letter base loses its last letter before adding the digit.
ally.nickname.073	キャロン	ダンスキャロット	Carron	Caro	ally.nickname.source-001aa7a8	project_nickname_adaptation		Independent adaptation of the original personal nickname, preserving phonetic or wordplay cues; not an official species-name replacement. Full name retained as Carron; Caro is an explicit project short display for the five-character stored field, not another official localization. Duplicate recruits retain their numeric suffix; a five-letter base loses its last letter before adding the digit.
ally.nickname.074	マドラス	マンドラゴラ	Madras	Madra	ally.nickname.source-001aa79c	project_nickname_adaptation		Independent adaptation of the original personal nickname, preserving phonetic or wordplay cues; not an official species-name replacement. Full name retained as Madras; Madra is an explicit project short display for the five-character stored field, not another official localization. Duplicate recruits retain their numeric suffix; a five-letter base loses its last letter before adding the digit.
ally.nickname.075	テンテン	テンツク	Tenten	Tenty	ally.nickname.source-001aa790	project_nickname_adaptation		Independent adaptation of the original personal nickname, preserving phonetic or wordplay cues; not an official species-name replacement. Full name retained as Tenten; Tenty is an explicit project short display for the five-character stored field, not another official localization. Duplicate recruits retain their numeric suffix; a five-letter base loses its last letter before adding the digit.
ally.nickname.076	スッテン	スーパーテンツク	Sutten	Sutty	ally.nickname.source-001aa784	project_nickname_adaptation		Independent adaptation of the original personal nickname, preserving phonetic or wordplay cues; not an official species-name replacement. Full name retained as Sutten; Sutty is an explicit project short display for the five-character stored field, not another official localization. Duplicate recruits retain their numeric suffix; a five-letter base loses its last letter before adding the digit.
ally.nickname.077	トテツク	ラストテンツク	Totetsu	Totty	ally.nickname.source-001aa778	project_nickname_adaptation		Independent adaptation of the original personal nickname, preserving phonetic or wordplay cues; not an official species-name replacement. Full name retained as Totetsu; Totty is an explicit project short display for the five-character stored field, not another official localization. Duplicate recruits retain their numeric suffix; a five-letter base loses its last letter before adding the digit.
ally.nickname.078	イズモン	いたずらもぐら	Izumon	Izzy	ally.nickname.source-001aa76c	project_nickname_adaptation		Independent adaptation of the original personal nickname, preserving phonetic or wordplay cues; not an official species-name replacement. Full name retained as Izumon; Izzy is an explicit project short display for the five-character stored field, not another official localization. Duplicate recruits retain their numeric suffix; a five-letter base loses its last letter before adding the digit.
ally.nickname.079	スコール	キラースコップ	Squall	Squal	ally.nickname.source-001aa760	project_nickname_adaptation		Independent adaptation of the original personal nickname, preserving phonetic or wordplay cues; not an official species-name replacement. Full name retained as Squall; Squal is an explicit project short display for the five-character stored field, not another official localization. Duplicate recruits retain their numeric suffix; a five-letter base loses its last letter before adding the digit.
ally.nickname.080	キラーマ	キラーマシン	Roborg	Robby	ally.nickname.source-001aa754	modern_official_nickname_secondary_inferred_ordinal	nickname_dq5_japanese,nickname_dq5_english	Exact Japanese nickname/species matches DQ V recruit number 2. English counterpart inferred from the same ordinal in the DS guide; secondary evidence, not a direct bilingual capture. Other DQ V defaults are not substituted merely because the species matches. Full name retained as Roborg; Robby is an explicit project short display for the five-character stored field, not another official localization. Duplicate recruits retain their numeric suffix; a five-letter base loses its last letter before adding the digit.
ally.nickname.081	メルター	メタルハンター	Melter	Melty	ally.nickname.source-001aa748	project_nickname_adaptation		Independent adaptation of the original personal nickname, preserving phonetic or wordplay cues; not an official species-name replacement. Full name retained as Melter; Melty is an explicit project short display for the five-character stored field, not another official localization. Duplicate recruits retain their numeric suffix; a five-letter base loses its last letter before adding the digit.
ally.nickname.082	キンドー	きめんどうし	Kindo		ally.nickname.source-001aa73c	project_nickname_adaptation		Independent adaptation of the original personal nickname, preserving phonetic or wordplay cues; not an official species-name replacement. Duplicate recruits retain their numeric suffix; a five-letter base loses its last letter before adding the digit.
ally.nickname.083	ゲーツ	げんじゅつし	Gates		ally.nickname.source-001aa734	project_nickname_adaptation		Independent adaptation of the original personal nickname, preserving phonetic or wordplay cues; not an official species-name replacement. Duplicate recruits retain their numeric suffix; a five-letter base loses its last letter before adding the digit.
ally.nickname.084	ドルルン	ドルイド	Dorurun	Doru	ally.nickname.source-001aa728	project_nickname_adaptation		Independent adaptation of the original personal nickname, preserving phonetic or wordplay cues; not an official species-name replacement. Full name retained as Dorurun; Doru is an explicit project short display for the five-character stored field, not another official localization. Duplicate recruits retain their numeric suffix; a five-letter base loses its last letter before adding the digit.
ally.nickname.085	アーカン	あくましんかん	Arkan		ally.nickname.source-001aa71c	project_nickname_adaptation		Independent adaptation of the original personal nickname, preserving phonetic or wordplay cues; not an official species-name replacement. Duplicate recruits retain their numeric suffix; a five-letter base loses its last letter before adding the digit.
ally.nickname.086	ヘルシー	じごくのつかい	Helsey	Helsy	ally.nickname.source-001aa710	project_nickname_adaptation		Independent adaptation of the original personal nickname, preserving phonetic or wordplay cues; not an official species-name replacement. Full name retained as Helsey; Helsy is an explicit project short display for the five-character stored field, not another official localization. Duplicate recruits retain their numeric suffix; a five-letter base loses its last letter before adding the digit.
ally.nickname.087	いしぞう	うごくせきぞう	Ishizo	Ishi	ally.nickname.source-001aa704	project_nickname_adaptation		Independent adaptation of the original personal nickname, preserving phonetic or wordplay cues; not an official species-name replacement. Full name retained as Ishizo; Ishi is an explicit project short display for the five-character stored field, not another official localization. Duplicate recruits retain their numeric suffix; a five-letter base loses its last letter before adding the digit.
ally.nickname.088	イマジン	だいまじん	Imagine	Imagi	ally.nickname.source-001aa6f8	project_nickname_adaptation		Independent adaptation of the original personal nickname, preserving phonetic or wordplay cues; not an official species-name replacement. Full name retained as Imagine; Imagi is an explicit project short display for the five-character stored field, not another official localization. Duplicate recruits retain their numeric suffix; a five-letter base loses its last letter before adding the digit.
ally.nickname.089	バクサン	ばくだん岩	Baksan	Bax	ally.nickname.source-001aa6ec	project_nickname_adaptation		Independent adaptation of the original personal nickname, preserving phonetic or wordplay cues; not an official species-name replacement. Full name retained as Baksan; Bax is an explicit project short display for the five-character stored field, not another official localization. Duplicate recruits retain their numeric suffix; a five-letter base loses its last letter before adding the digit.
ally.nickname.090	ガルロ	メガザルロック	Garro		ally.nickname.source-001aa6e4	project_nickname_adaptation		Independent adaptation of the original personal nickname, preserving phonetic or wordplay cues; not an official species-name replacement. Duplicate recruits retain their numeric suffix; a five-letter base loses its last letter before adding the digit.
ally.nickname.091	コロリン	さつじんき	Kororin	Koro	ally.nickname.source-001aa6d8	project_nickname_adaptation		Independent adaptation of the original personal nickname, preserving phonetic or wordplay cues; not an official species-name replacement. Full name retained as Kororin; Koro is an explicit project short display for the five-character stored field, not another official localization. Duplicate recruits retain their numeric suffix; a five-letter base loses its last letter before adding the digit.
ally.nickname.092	エミリー	エリミネーター	Hoody		ally.nickname.source-001aa6cc	modern_official_nickname_secondary_inferred_ordinal	nickname_dq5_japanese,nickname_dq5_english	Exact Japanese nickname/species matches DQ V recruit number 1. English counterpart inferred from the same ordinal in the DS guide; secondary evidence, not a direct bilingual capture. Other DQ V defaults are not substituted merely because the species matches. Duplicate recruits retain their numeric suffix; a five-letter base loses its last letter before adding the digit.
ally.nickname.093	デスタン	デスストーカー	Destan	Desta	ally.nickname.source-001aa6c0	project_nickname_adaptation		Independent adaptation of the original personal nickname, preserving phonetic or wordplay cues; not an official species-name replacement. Full name retained as Destan; Desta is an explicit project short display for the five-character stored field, not another official localization. Duplicate recruits retain their numeric suffix; a five-letter base loses its last letter before adding the digit.
ally.nickname.094	モンジャ	ももんじゃ	Monja		ally.nickname.source-001aa6b4	project_nickname_adaptation		Independent adaptation of the original personal nickname, preserving phonetic or wordplay cues; not an official species-name replacement. Duplicate recruits retain their numeric suffix; a five-letter base loses its last letter before adding the digit.
ally.nickname.095	メルモン	メイジももんじゃ	Melmon	Melmo	ally.nickname.source-001aa6a8	project_nickname_adaptation		Independent adaptation of the original personal nickname, preserving phonetic or wordplay cues; not an official species-name replacement. Full name retained as Melmon; Melmo is an explicit project short display for the five-character stored field, not another official localization. Duplicate recruits retain their numeric suffix; a five-letter base loses its last letter before adding the digit.
ally.nickname.096	ナメール	おおナメクジ	Namel		ally.nickname.source-001aa69c	project_nickname_adaptation		Independent adaptation of the original personal nickname, preserving phonetic or wordplay cues; not an official species-name replacement. Duplicate recruits retain their numeric suffix; a five-letter base loses its last letter before adding the digit.
ally.nickname.097	ラミオス	ミイラおとこ	Ramios	Rami	ally.nickname.source-001aa690	project_nickname_adaptation		Independent adaptation of the original personal nickname, preserving phonetic or wordplay cues; not an official species-name replacement. Full name retained as Ramios; Rami is an explicit project short display for the five-character stored field, not another official localization. Duplicate recruits retain their numeric suffix; a five-letter base loses its last letter before adding the digit.
ally.nickname.098	カーメン	マミー	Carmen	Carmy	ally.nickname.source-001aa684	project_nickname_adaptation		Independent adaptation of the original personal nickname, preserving phonetic or wordplay cues; not an official species-name replacement. Full name retained as Carmen; Carmy is an explicit project short display for the five-character stored field, not another official localization. Duplicate recruits retain their numeric suffix; a five-letter base loses its last letter before adding the digit.
ally.nickname.099	キーメ	キメラ	Kime		ally.nickname.source-001aa67c	project_nickname_adaptation		Independent adaptation of the original personal nickname, preserving phonetic or wordplay cues; not an official species-name replacement. Duplicate recruits retain their numeric suffix; a five-letter base loses its last letter before adding the digit.
ally.nickname.100	スタッキ	スターキメラ	Stacky	Stack	ally.nickname.source-001aa670	project_nickname_adaptation		Independent adaptation of the original personal nickname, preserving phonetic or wordplay cues; not an official species-name replacement. Full name retained as Stacky; Stack is an explicit project short display for the five-character stored field, not another official localization. Duplicate recruits retain their numeric suffix; a five-letter base loses its last letter before adding the digit.
ally.nickname.101	メキラ	メイジキメラ	Mekira	Meki	ally.nickname.source-001aa668	project_nickname_adaptation		Independent adaptation of the original personal nickname, preserving phonetic or wordplay cues; not an official species-name replacement. Full name retained as Mekira; Meki is an explicit project short display for the five-character stored field, not another official localization. Duplicate recruits retain their numeric suffix; a five-letter base loses its last letter before adding the digit.
ally.nickname.102	サマロー	さまようよろい	Samaro	Sammy	ally.nickname.source-001aa65c	project_nickname_adaptation		Independent adaptation of the original personal nickname, preserving phonetic or wordplay cues; not an official species-name replacement. Full name retained as Samaro; Sammy is an explicit project short display for the five-character stored field, not another official localization. Duplicate recruits retain their numeric suffix; a five-letter base loses its last letter before adding the digit.
ally.nickname.103	アーマン	キラーアーマー	Arman		ally.nickname.source-001aa650	project_nickname_adaptation		Independent adaptation of the original personal nickname, preserving phonetic or wordplay cues; not an official species-name replacement. Duplicate recruits retain their numeric suffix; a five-letter base loses its last letter before adding the digit.
ally.nickname.104	ヘルマー	じごくのよろい	Helmer	Helmy	ally.nickname.source-001aa644	project_nickname_adaptation		Independent adaptation of the original personal nickname, preserving phonetic or wordplay cues; not an official species-name replacement. Full name retained as Helmer; Helmy is an explicit project short display for the five-character stored field, not another official localization. Duplicate recruits retain their numeric suffix; a five-letter base loses its last letter before adding the digit.
ally.nickname.105	ギーガ	ギガンテス	Brontes	Bront	ally.nickname.source-001aa63c	modern_official_nickname_secondary_inferred_ordinal	nickname_dq5_japanese,nickname_dq5_english	Exact Japanese nickname/species matches DQ V recruit number 1. English counterpart inferred from the same ordinal in the DS guide; secondary evidence, not a direct bilingual capture. Other DQ V defaults are not substituted merely because the species matches. Full name retained as Brontes; Bront is an explicit project short display for the five-character stored field, not another official localization. Duplicate recruits retain their numeric suffix; a five-letter base loses its last letter before adding the digit.
ally.nickname.106	アトム	アトラス	Atom		ally.nickname.source-001aa634	project_nickname_adaptation		Independent adaptation of the original personal nickname, preserving phonetic or wordplay cues; not an official species-name replacement. Duplicate recruits retain their numeric suffix; a five-letter base loses its last letter before adding the digit.
ally.nickname.107	アデュー	アークデーモン	Adieu		ally.nickname.source-001aa628	project_nickname_adaptation		Independent adaptation of the original personal nickname, preserving phonetic or wordplay cues; not an official species-name replacement. Duplicate recruits retain their numeric suffix; a five-letter base loses its last letter before adding the digit.
ally.nickname.108	ベリー	ベリアル	Berry		ally.nickname.source-001aa620	project_nickname_adaptation		Independent adaptation of the original personal nickname, preserving phonetic or wordplay cues; not an official species-name replacement. Duplicate recruits retain their numeric suffix; a five-letter base loses its last letter before adding the digit.
ally.nickname.109	きづっち	おおきづち	Mallette	Mally	ally.nickname.source-001aa614	project_nickname_adaptation		Independent adaptation of the original personal nickname, preserving phonetic or wordplay cues; not an official species-name replacement. Full name retained as Mallette; Mally is an explicit project short display for the five-character stored field, not another official localization. Duplicate recruits retain their numeric suffix; a five-letter base loses its last letter before adding the digit.
ally.nickname.110	ブラーニ	ブラウニー	Branny	Bran	ally.nickname.source-001aa608	project_nickname_adaptation		Independent adaptation of the original personal nickname, preserving phonetic or wordplay cues; not an official species-name replacement. Full name retained as Branny; Bran is an explicit project short display for the five-character stored field, not another official localization. Duplicate recruits retain their numeric suffix; a five-letter base loses its last letter before adding the digit.
ally.nickname.111	ガニー	ガニラス	Ganny		ally.nickname.source-001aa600	project_nickname_adaptation		Independent adaptation of the original personal nickname, preserving phonetic or wordplay cues; not an official species-name replacement. Duplicate recruits retain their numeric suffix; a five-letter base loses its last letter before adding the digit.
ally.nickname.112	ハッサム	じごくのハサミ	Hassam	Hassy	ally.nickname.source-001aa5f4	project_nickname_adaptation		Independent adaptation of the original personal nickname, preserving phonetic or wordplay cues; not an official species-name replacement. Full name retained as Hassam; Hassy is an explicit project short display for the five-character stored field, not another official localization. Duplicate recruits retain their numeric suffix; a five-letter base loses its last letter before adding the digit.
ally.nickname.113	グルンガ	ぐんたいガニ	Gurunga	Guru	ally.nickname.source-001aa5e8	project_nickname_adaptation		Independent adaptation of the original personal nickname, preserving phonetic or wordplay cues; not an official species-name replacement. Full name retained as Gurunga; Guru is an explicit project short display for the five-character stored field, not another official localization. Duplicate recruits retain their numeric suffix; a five-letter base loses its last letter before adding the digit.
ally.nickname.114	ノートン	ゴースト	Norton	Norty	ally.nickname.source-001aa5dc	project_nickname_adaptation		Independent adaptation of the original personal nickname, preserving phonetic or wordplay cues; not an official species-name replacement. Full name retained as Norton; Norty is an explicit project short display for the five-character stored field, not another official localization. Duplicate recruits retain their numeric suffix; a five-letter base loses its last letter before adding the digit.
ally.nickname.115	メスト	メトロゴースト	Mest		ally.nickname.source-001aa5d4	project_nickname_adaptation		Independent adaptation of the original personal nickname, preserving phonetic or wordplay cues; not an official species-name replacement. Duplicate recruits retain their numeric suffix; a five-letter base loses its last letter before adding the digit.
ally.nickname.116	ヘルトス	ヘルゴースト	Heltos	Helto	ally.nickname.source-001aa5c8	project_nickname_adaptation		Independent adaptation of the original personal nickname, preserving phonetic or wordplay cues; not an official species-name replacement. Full name retained as Heltos; Helto is an explicit project short display for the five-character stored field, not another official localization. Duplicate recruits retain their numeric suffix; a five-letter base loses its last letter before adding the digit.
ally.nickname.117	アンアン	アイアンアント	Annan		ally.nickname.source-001aa5bc	project_nickname_adaptation		Independent adaptation of the original personal nickname, preserving phonetic or wordplay cues; not an official species-name replacement. Duplicate recruits retain their numeric suffix; a five-letter base loses its last letter before adding the digit.
ally.nickname.118	ぐんた	ぐんたいアリ	Gunta		ally.nickname.source-001aa5b4	project_nickname_adaptation		Independent adaptation of the original personal nickname, preserving phonetic or wordplay cues; not an official species-name replacement. Duplicate recruits retain their numeric suffix; a five-letter base loses its last letter before adding the digit.
ally.nickname.119	ラリアト	ラリホーアント	Lariat	Lari	ally.nickname.source-001aa5a8	project_nickname_adaptation		Independent adaptation of the original personal nickname, preserving phonetic or wordplay cues; not an official species-name replacement. Full name retained as Lariat; Lari is an explicit project short display for the five-character stored field, not another official localization. Duplicate recruits retain their numeric suffix; a five-letter base loses its last letter before adding the digit.
ally.nickname.120	キートン	きとうし	Keaton	Keat	ally.nickname.source-001aa59c	project_nickname_adaptation		Independent adaptation of the original personal nickname, preserving phonetic or wordplay cues; not an official species-name replacement. Full name retained as Keaton; Keat is an explicit project short display for the five-character stored field, not another official localization. Duplicate recruits retain their numeric suffix; a five-letter base loses its last letter before adding the digit.
ally.nickname.121	ようじ	ようじゅつし	Yoji		ally.nickname.source-001aa594	project_nickname_adaptation		Independent adaptation of the original personal nickname, preserving phonetic or wordplay cues; not an official species-name replacement. Duplicate recruits retain their numeric suffix; a five-letter base loses its last letter before adding the digit.
ally.nickname.122	ファラ	ファーラット	Fara		ally.nickname.source-001aa58c	project_nickname_adaptation		Independent adaptation of the original personal nickname, preserving phonetic or wordplay cues; not an official species-name replacement. Duplicate recruits retain their numeric suffix; a five-letter base loses its last letter before adding the digit.
ally.nickname.123	モコモン	ケダモン	Mocomon	Moco	ally.nickname.source-001aa580	project_nickname_adaptation		Independent adaptation of the original personal nickname, preserving phonetic or wordplay cues; not an official species-name replacement. Full name retained as Mocomon; Moco is an explicit project short display for the five-character stored field, not another official localization. Duplicate recruits retain their numeric suffix; a five-letter base loses its last letter before adding the digit.
ally.nickname.124	アタール	アイアンタートル	Atal		ally.nickname.source-001aa574	project_nickname_adaptation		Independent adaptation of the original personal nickname, preserving phonetic or wordplay cues; not an official species-name replacement. Duplicate recruits retain their numeric suffix; a five-letter base loses its last letter before adding the digit.
ally.nickname.125	ランドル	ランドアーマー	Randall	Randy	ally.nickname.source-001aa568	project_nickname_adaptation		Independent adaptation of the original personal nickname, preserving phonetic or wordplay cues; not an official species-name replacement. Full name retained as Randall; Randy is an explicit project short display for the five-character stored field, not another official localization. Duplicate recruits retain their numeric suffix; a five-letter base loses its last letter before adding the digit.
ally.nickname.126	ガイル	ガーゴイル	Guile		ally.nickname.source-001aa560	project_nickname_adaptation		Independent adaptation of the original personal nickname, preserving phonetic or wordplay cues; not an official species-name replacement. Duplicate recruits retain their numeric suffix; a five-letter base loses its last letter before adding the digit.
ally.nickname.127	モストン	モシャスナイト	Moston	Mosty	ally.nickname.source-001aa554	project_nickname_adaptation		Independent adaptation of the original personal nickname, preserving phonetic or wordplay cues; not an official species-name replacement. Full name retained as Moston; Mosty is an explicit project short display for the five-character stored field, not another official localization. Duplicate recruits retain their numeric suffix; a five-letter base loses its last letter before adding the digit.
ally.nickname.128	シャイト	シャドーナイト	Shaito	Shai	ally.nickname.source-001aa548	project_nickname_adaptation		Independent adaptation of the original personal nickname, preserving phonetic or wordplay cues; not an official species-name replacement. Full name retained as Shaito; Shai is an explicit project short display for the five-character stored field, not another official localization. Duplicate recruits retain their numeric suffix; a five-letter base loses its last letter before adding the digit.
ally.nickname.129	ゴスラム	ゴールデンスライム	Goslam	Gosly	ally.nickname.source-001aa53c	project_nickname_adaptation		Independent adaptation of the original personal nickname, preserving phonetic or wordplay cues; not an official species-name replacement. Full name retained as Goslam; Gosly is an explicit project short display for the five-character stored field, not another official localization. Duplicate recruits retain their numeric suffix; a five-letter base loses its last letter before adding the digit.
ally.nickname.130	エンペル	スライムエンペラー	Emper		ally.nickname.source-001aa530	project_nickname_adaptation		Independent adaptation of the original personal nickname, preserving phonetic or wordplay cues; not an official species-name replacement. Duplicate recruits retain their numeric suffix; a five-letter base loses its last letter before adding the digit.
ally.nickname.131	プラチン	プラチナキング	Platin	Platy	ally.nickname.source-001aa524	project_nickname_adaptation		Independent adaptation of the original personal nickname, preserving phonetic or wordplay cues; not an official species-name replacement. Full name retained as Platin; Platy is an explicit project short display for the five-character stored field, not another official localization. Duplicate recruits retain their numeric suffix; a five-letter base loses its last letter before adding the digit.
ally.nickname.132	チューレ	ちゅうまじゅう	Chure		ally.nickname.source-001aa518	project_nickname_adaptation		Independent adaptation of the original personal nickname, preserving phonetic or wordplay cues; not an official species-name replacement. Duplicate recruits retain their numeric suffix; a five-letter base loses its last letter before adding the digit.
ally.nickname.133	トロマス	ストローマウス	Tromas	Trom	ally.nickname.source-001aa50c	project_nickname_adaptation		Independent adaptation of the original personal nickname, preserving phonetic or wordplay cues; not an official species-name replacement. Full name retained as Tromas; Trom is an explicit project short display for the five-character stored field, not another official localization. Duplicate recruits retain their numeric suffix; a five-letter base loses its last letter before adding the digit.
ally.nickname.134	めふらん	あめふらし	Mefran	Mef	ally.nickname.source-001aa500	project_nickname_adaptation		Independent adaptation of the original personal nickname, preserving phonetic or wordplay cues; not an official species-name replacement. Full name retained as Mefran; Mef is an explicit project short display for the five-character stored field, not another official localization. Duplicate recruits retain their numeric suffix; a five-letter base loses its last letter before adding the digit.
ally.nickname.135	ハリー	はりせんもぐら	Harry		ally.nickname.source-001aa4f8	project_nickname_adaptation		Independent adaptation of the original personal nickname, preserving phonetic or wordplay cues; not an official species-name replacement. Duplicate recruits retain their numeric suffix; a five-letter base loses its last letter before adding the digit.
ally.nickname.136	サンドラ	サンダーラット	Sandra	Sandy	ally.nickname.source-001aa4ec	project_nickname_adaptation		Independent adaptation of the original personal nickname, preserving phonetic or wordplay cues; not an official species-name replacement. Full name retained as Sandra; Sandy is an explicit project short display for the five-character stored field, not another official localization. Duplicate recruits retain their numeric suffix; a five-letter base loses its last letter before adding the digit.
ally.nickname.137	プラウス	プラズママウス	Praus		ally.nickname.source-001aa4e0	project_nickname_adaptation		Independent adaptation of the original personal nickname, preserving phonetic or wordplay cues; not an official species-name replacement. Duplicate recruits retain their numeric suffix; a five-letter base loses its last letter before adding the digit.
ally.nickname.138	ドラゴス	ドラゴスライム	Dragos	Drago	ally.nickname.source-001aa4d4	project_nickname_adaptation		Independent adaptation of the original personal nickname, preserving phonetic or wordplay cues; not an official species-name replacement. Full name retained as Dragos; Drago is an explicit project short display for the five-character stored field, not another official localization. Duplicate recruits retain their numeric suffix; a five-letter base loses its last letter before adding the digit.
ally.nickname.139	ラブレス	スライムブレス	Loveless	Lovey	ally.nickname.source-001aa4c8	project_nickname_adaptation		Independent adaptation of the original personal nickname, preserving phonetic or wordplay cues; not an official species-name replacement. Full name retained as Loveless; Lovey is an explicit project short display for the five-character stored field, not another official localization. Duplicate recruits retain their numeric suffix; a five-letter base loses its last letter before adding the digit.
ally.nickname.140	ドラタル	ドラゴメタル	Dratal	Drat	ally.nickname.source-001aa4bc	project_nickname_adaptation		Independent adaptation of the original personal nickname, preserving phonetic or wordplay cues; not an official species-name replacement. Full name retained as Dratal; Drat is an explicit project short display for the five-character stored field, not another official localization. Duplicate recruits retain their numeric suffix; a five-letter base loses its last letter before adding the digit.
ally.nickname.141	バブバブ	バブリン	Bubbub	Bubby	ally.nickname.source-001aa4b0	project_nickname_adaptation		Independent adaptation of the original personal nickname, preserving phonetic or wordplay cues; not an official species-name replacement. Full name retained as Bubbub; Bubby is an explicit project short display for the five-character stored field, not another official localization. Duplicate recruits retain their numeric suffix; a five-letter base loses its last letter before adding the digit.
ally.nickname.142	プヨヨン	プヨンターゲット	Puyoyon	Puyo	ally.nickname.source-001aa4a4	project_nickname_adaptation		Independent adaptation of the original personal nickname, preserving phonetic or wordplay cues; not an official species-name replacement. Full name retained as Puyoyon; Puyo is an explicit project short display for the five-character stored field, not another official localization. Duplicate recruits retain their numeric suffix; a five-letter base loses its last letter before adding the digit.
ally.nickname.143	ポムポ	ポムポムボム	Pompo		ally.nickname.source-001aa49c	project_nickname_adaptation		Independent adaptation of the original personal nickname, preserving phonetic or wordplay cues; not an official species-name replacement. Duplicate recruits retain their numeric suffix; a five-letter base loses its last letter before adding the digit.
ally.nickname.144	ハマーン	リビングハンマー	Haman		ally.nickname.source-001aa490	project_nickname_adaptation		Independent adaptation of the original personal nickname, preserving phonetic or wordplay cues; not an official species-name replacement. Duplicate recruits retain their numeric suffix; a five-letter base loses its last letter before adding the digit.
ally.nickname.145	ラスター	キラースター	Raster	Rasty	ally.nickname.source-001aa484	project_nickname_adaptation		Independent adaptation of the original personal nickname, preserving phonetic or wordplay cues; not an official species-name replacement. Full name retained as Raster; Rasty is an explicit project short display for the five-character stored field, not another official localization. Duplicate recruits retain their numeric suffix; a five-letter base loses its last letter before adding the digit.
ally.nickname.146	デビアン	デビルアンカー	Devian	Devi	ally.nickname.source-001aa478	project_nickname_adaptation		Independent adaptation of the original personal nickname, preserving phonetic or wordplay cues; not an official species-name replacement. Full name retained as Devian; Devi is an explicit project short display for the five-character stored field, not another official localization. Duplicate recruits retain their numeric suffix; a five-letter base loses its last letter before adding the digit.
ally.nickname.147	かまきち	さそりかまきり	Kamakichi	Kama	ally.nickname.source-001aa46c	project_nickname_adaptation		Independent adaptation of the original personal nickname, preserving phonetic or wordplay cues; not an official species-name replacement. Full name retained as Kamakichi; Kama is an explicit project short display for the five-character stored field, not another official localization. Duplicate recruits retain their numeric suffix; a five-letter base loses its last letter before adding the digit.
ally.nickname.148	ラティス	キラーマンティス	Latis		ally.nickname.source-001aa460	project_nickname_adaptation		Independent adaptation of the original personal nickname, preserving phonetic or wordplay cues; not an official species-name replacement. Duplicate recruits retain their numeric suffix; a five-letter base loses its last letter before adding the digit.
ally.nickname.149	パニック	メダパニシックル	Panic		ally.nickname.source-001aa454	project_nickname_adaptation		Independent adaptation of the original personal nickname, preserving phonetic or wordplay cues; not an official species-name replacement. Duplicate recruits retain their numeric suffix; a five-letter base loses its last letter before adding the digit.
ally.nickname.150	ごろう	タマゴロン	Goro		ally.nickname.source-001aa44c	project_nickname_adaptation		Independent adaptation of the original personal nickname, preserving phonetic or wordplay cues; not an official species-name replacement. Duplicate recruits retain their numeric suffix; a five-letter base loses its last letter before adding the digit.
ally.nickname.151	ワンダー	ワンダーエッグ	Wonder	Wonda	ally.nickname.source-001aa440	project_nickname_adaptation		Independent adaptation of the original personal nickname, preserving phonetic or wordplay cues; not an official species-name replacement. Full name retained as Wonder; Wonda is an explicit project short display for the five-character stored field, not another official localization. Duplicate recruits retain their numeric suffix; a five-letter base loses its last letter before adding the digit.
ally.nickname.152	フローレ	スカイフロッグ	Flore		ally.nickname.source-001aa434	project_nickname_adaptation		Independent adaptation of the original personal nickname, preserving phonetic or wordplay cues; not an official species-name replacement. Duplicate recruits retain their numeric suffix; a five-letter base loses its last letter before adding the digit.
ally.nickname.153	ファロ	ファイヤーケロッグ	Faro		ally.nickname.source-001aa42c	project_nickname_adaptation		Independent adaptation of the original personal nickname, preserving phonetic or wordplay cues; not an official species-name replacement. Duplicate recruits retain their numeric suffix; a five-letter base loses its last letter before adding the digit.
ally.nickname.154	ディード	デーモントード	Deed		ally.nickname.source-001aa420	project_nickname_adaptation		Independent adaptation of the original personal nickname, preserving phonetic or wordplay cues; not an official species-name replacement. Duplicate recruits retain their numeric suffix; a five-letter base loses its last letter before adding the digit.
ally.nickname.155	スラキン	キングスライム	Sliking	Sliko	ally.nickname.source-001aa414	project_nickname_adaptation		Independent adaptation of the original personal nickname, preserving phonetic or wordplay cues; not an official species-name replacement. Full name retained as Sliking; Sliko is an explicit project short display for the five-character stored field, not another official localization. Duplicate recruits retain their numeric suffix; a five-letter base loses its last letter before adding the digit.
ally.nickname.156	べホズン	スライムベホマズン	Kingoo	Kingo	ally.nickname.source-001aa408	modern_official_nickname_secondary_inferred_ordinal	nickname_dq5_japanese,nickname_dq5_english	Exact Japanese nickname/species matches DQ V recruit number 1. English counterpart inferred from the same ordinal in the DS guide; secondary evidence, not a direct bilingual capture. Other DQ V defaults are not substituted merely because the species matches. Full name retained as Kingoo; Kingo is an explicit project short display for the five-character stored field, not another official localization. Duplicate recruits retain their numeric suffix; a five-letter base loses its last letter before adding the digit.
ally.nickname.157	メタキン	メタルキング	Metaking	Metko	ally.nickname.source-001aa3fc	project_nickname_adaptation		Independent adaptation of the original personal nickname, preserving phonetic or wordplay cues; not an official species-name replacement. Full name retained as Metaking; Metko is an explicit project short display for the five-character stored field, not another official localization. Duplicate recruits retain their numeric suffix; a five-letter base loses its last letter before adding the digit.
ally.nickname.158	レイダー	レノファイター	Raider	Raido	ally.nickname.source-001aa3f0	project_nickname_adaptation		Independent adaptation of the original personal nickname, preserving phonetic or wordplay cues; not an official species-name replacement. Full name retained as Raider; Raido is an explicit project short display for the five-character stored field, not another official localization. Duplicate recruits retain their numeric suffix; a five-letter base loses its last letter before adding the digit.
ally.nickname.159	グレーン	グレイトホーン	Grane		ally.nickname.source-001aa3e4	project_nickname_adaptation		Independent adaptation of the original personal nickname, preserving phonetic or wordplay cues; not an official species-name replacement. Duplicate recruits retain their numeric suffix; a five-letter base loses its last letter before adding the digit.
ally.nickname.160	フライダ	フライングデビル	Flyda		ally.nickname.source-001aa3d8	project_nickname_adaptation		Independent adaptation of the original personal nickname, preserving phonetic or wordplay cues; not an official species-name replacement. Duplicate recruits retain their numeric suffix; a five-letter base loses its last letter before adding the digit.
ally.nickname.161	ランガス	ランガー	Rangas	Ranga	ally.nickname.source-001aa3cc	project_nickname_adaptation		Independent adaptation of the original personal nickname, preserving phonetic or wordplay cues; not an official species-name replacement. Full name retained as Rangas; Ranga is an explicit project short display for the five-character stored field, not another official localization. Duplicate recruits retain their numeric suffix; a five-letter base loses its last letter before adding the digit.
ally.nickname.162	ドグーン	どぐう戦士	Dogoon	Dogo	ally.nickname.source-001aa3c0	project_nickname_adaptation		Independent adaptation of the original personal nickname, preserving phonetic or wordplay cues; not an official species-name replacement. Full name retained as Dogoon; Dogo is an explicit project short display for the five-character stored field, not another official localization. Duplicate recruits retain their numeric suffix; a five-letter base loses its last letter before adding the digit.
ally.nickname.163	ラプラス	キラープラスター	Laplas	Lappy	ally.nickname.source-001aa3b4	project_nickname_adaptation		Independent adaptation of the original personal nickname, preserving phonetic or wordplay cues; not an official species-name replacement. Full name retained as Laplas; Lappy is an explicit project short display for the five-character stored field, not another official localization. Duplicate recruits retain their numeric suffix; a five-letter base loses its last letter before adding the digit.
ally.nickname.164	ゴーマ	こうてつまじん	Goma		ally.nickname.source-001aa3ac	project_nickname_adaptation		Independent adaptation of the original personal nickname, preserving phonetic or wordplay cues; not an official species-name replacement. Duplicate recruits retain their numeric suffix; a five-letter base loses its last letter before adding the digit.
ally.nickname.165	エビルス	エビルエスターク	Evils		ally.nickname.source-001aa3a0	project_nickname_adaptation		Independent adaptation of the original personal nickname, preserving phonetic or wordplay cues; not an official species-name replacement. Duplicate recruits retain their numeric suffix; a five-letter base loses its last letter before adding the digit.
ally.nickname.166	デマシン	デスマシーン	Demachine	Dema	ally.nickname.source-001aa394	project_nickname_adaptation		Independent adaptation of the original personal nickname, preserving phonetic or wordplay cues; not an official species-name replacement. Full name retained as Demachine; Dema is an explicit project short display for the five-character stored field, not another official localization. Duplicate recruits retain their numeric suffix; a five-letter base loses its last letter before adding the digit.
ally.nickname.167	ツノーガ	つのうしがい	Tsunoga	Tsuno	ally.nickname.source-001aa388	project_nickname_adaptation		Independent adaptation of the original personal nickname, preserving phonetic or wordplay cues; not an official species-name replacement. Full name retained as Tsunoga; Tsuno is an explicit project short display for the five-character stored field, not another official localization. Duplicate recruits retain their numeric suffix; a five-letter base loses its last letter before adding the digit.
ally.nickname.168	シビック	しびれマイマイ	Civic		ally.nickname.source-001aa37c	project_nickname_adaptation		Independent adaptation of the original personal nickname, preserving phonetic or wordplay cues; not an official species-name replacement. Duplicate recruits retain their numeric suffix; a five-letter base loses its last letter before adding the digit.
ally.nickname.169	アムリタ	あんこくつむり	Amrita	Amri	ally.nickname.source-001aa370	project_nickname_adaptation		Independent adaptation of the original personal nickname, preserving phonetic or wordplay cues; not an official species-name replacement. Full name retained as Amrita; Amri is an explicit project short display for the five-character stored field, not another official localization. Duplicate recruits retain their numeric suffix; a five-letter base loses its last letter before adding the digit.
ally.nickname.170	ビート	ベビーニュート	Beat		ally.nickname.source-001aa368	project_nickname_adaptation		Independent adaptation of the original personal nickname, preserving phonetic or wordplay cues; not an official species-name replacement. Duplicate recruits retain their numeric suffix; a five-letter base loses its last letter before adding the digit.
ally.nickname.171	ラキッズ	ドラゴンキッズ	Rakids	Raks	ally.nickname.source-001aa35c	project_nickname_adaptation		Independent adaptation of the original personal nickname, preserving phonetic or wordplay cues; not an official species-name replacement. Full name retained as Rakids; Raks is an explicit project short display for the five-character stored field, not another official localization. Duplicate recruits retain their numeric suffix; a five-letter base loses its last letter before adding the digit.
ally.nickname.172	メラード	メラリザード	Mellard	Mello	ally.nickname.source-001aa350	project_nickname_adaptation		Independent adaptation of the original personal nickname, preserving phonetic or wordplay cues; not an official species-name replacement. Full name retained as Mellard; Mello is an explicit project short display for the five-character stored field, not another official localization. Duplicate recruits retain their numeric suffix; a five-letter base loses its last letter before adding the digit.
ally.nickname.173	バヒート	おばけヒトデ	Baheet	Bahee	ally.nickname.source-001aa344	project_nickname_adaptation		Independent adaptation of the original personal nickname, preserving phonetic or wordplay cues; not an official species-name replacement. Full name retained as Baheet; Bahee is an explicit project short display for the five-character stored field, not another official localization. Duplicate recruits retain their numeric suffix; a five-letter base loses its last letter before adding the digit.
ally.nickname.174	マスター	マージスター	Master	Masto	ally.nickname.source-001aa338	project_nickname_adaptation		Independent adaptation of the original personal nickname, preserving phonetic or wordplay cues; not an official species-name replacement. Full name retained as Master; Masto is an explicit project short display for the five-character stored field, not another official localization. Duplicate recruits retain their numeric suffix; a five-letter base loses its last letter before adding the digit.
ally.nickname.175	タンギー	タップペンギー	Tangy		ally.nickname.source-001aa32c	project_nickname_adaptation		Independent adaptation of the original personal nickname, preserving phonetic or wordplay cues; not an official species-name replacement. Duplicate recruits retain their numeric suffix; a five-letter base loses its last letter before adding the digit.
ally.nickname.176	トビー	岩とびあくま	Toby		ally.nickname.source-001aa324	project_nickname_adaptation		Independent adaptation of the original personal nickname, preserving phonetic or wordplay cues; not an official species-name replacement. Duplicate recruits retain their numeric suffix; a five-letter base loses its last letter before adding the digit.
ally.nickname.177	レイマン	グレイトマーマン	Rayman	Ray	ally.nickname.source-001aa318	project_nickname_adaptation		Independent adaptation of the original personal nickname, preserving phonetic or wordplay cues; not an official species-name replacement. Full name retained as Rayman; Ray is an explicit project short display for the five-character stored field, not another official localization. Duplicate recruits retain their numeric suffix; a five-letter base loses its last letter before adding the digit.
ally.nickname.178	ヒロロ	コロヒーロー	Hiroro	Hiro	ally.nickname.source-001aa310	project_nickname_adaptation		Independent adaptation of the original personal nickname, preserving phonetic or wordplay cues; not an official species-name replacement. Full name retained as Hiroro; Hiro is an explicit project short display for the five-character stored field, not another official localization. Duplicate recruits retain their numeric suffix; a five-letter base loses its last letter before adding the digit.
ally.nickname.179	プチた	プチヒーロー	Petita	Peta	ally.nickname.source-001aa308	project_nickname_adaptation		Independent adaptation of the original personal nickname, preserving phonetic or wordplay cues; not an official species-name replacement. Full name retained as Petita; Peta is an explicit project short display for the five-character stored field, not another official localization. Duplicate recruits retain their numeric suffix; a five-letter base loses its last letter before adding the digit.
ally.nickname.180	ファルコ	コロファイター	Falco		ally.nickname.source-001aa2fc	project_nickname_adaptation		Independent adaptation of the original personal nickname, preserving phonetic or wordplay cues; not an official species-name replacement. Duplicate recruits retain their numeric suffix; a five-letter base loses its last letter before adding the digit.
ally.nickname.181	プチお	プチファイター	Petito	Peto	ally.nickname.source-001aa2f4	project_nickname_adaptation		Independent adaptation of the original personal nickname, preserving phonetic or wordplay cues; not an official species-name replacement. Full name retained as Petito; Peto is an explicit project short display for the five-character stored field, not another official localization. Duplicate recruits retain their numeric suffix; a five-letter base loses its last letter before adding the digit.
ally.nickname.182	マルコ	コロマージ	Marco		ally.nickname.source-001aa2ec	project_nickname_adaptation		Independent adaptation of the original personal nickname, preserving phonetic or wordplay cues; not an official species-name replacement. Duplicate recruits retain their numeric suffix; a five-letter base loses its last letter before adding the digit.
ally.nickname.183	プチろう	プチマージ	Petiro	Petro	ally.nickname.source-001aa2e0	project_nickname_adaptation		Independent adaptation of the original personal nickname, preserving phonetic or wordplay cues; not an official species-name replacement. Full name retained as Petiro; Petro is an explicit project short display for the five-character stored field, not another official localization. Duplicate recruits retain their numeric suffix; a five-letter base loses its last letter before adding the digit.
ally.nickname.184	ストリコ	コロプリースト	Storico	Stori	ally.nickname.source-001aa2d4	project_nickname_adaptation		Independent adaptation of the original personal nickname, preserving phonetic or wordplay cues; not an official species-name replacement. Full name retained as Storico; Stori is an explicit project short display for the five-character stored field, not another official localization. Duplicate recruits retain their numeric suffix; a five-letter base loses its last letter before adding the digit.
ally.nickname.185	プチすけ	プチプリースト	Petisuke	Petsu	ally.nickname.source-001aa2c8	project_nickname_adaptation		Independent adaptation of the original personal nickname, preserving phonetic or wordplay cues; not an official species-name replacement. Full name retained as Petisuke; Petsu is an explicit project short display for the five-character stored field, not another official localization. Duplicate recruits retain their numeric suffix; a five-letter base loses its last letter before adding the digit.
ally.nickname.186	おおぼす	ヘルジャスティス	Big Boss	Boss	ally.nickname.source-001aa2bc	project_nickname_adaptation		Independent adaptation of the original personal nickname, preserving phonetic or wordplay cues; not an official species-name replacement. Full name retained as Big Boss; Boss is an explicit project short display for the five-character stored field, not another official localization. Duplicate recruits retain their numeric suffix; a five-letter base loses its last letter before adding the digit. Reserved/boss/test-style row: natural reachability unverified.
ally.nickname.187	おおぼす	★★用ボス	Big Boss	Boss	ally.nickname.source-001aa2bc	project_nickname_adaptation		Independent adaptation of the original personal nickname, preserving phonetic or wordplay cues; not an official species-name replacement. Full name retained as Big Boss; Boss is an explicit project short display for the five-character stored field, not another official localization. Duplicate recruits retain their numeric suffix; a five-letter base loses its last letter before adding the digit. Reserved/boss/test-style row: natural reachability unverified.
ally.nickname.188	ブラザー	ジャスティス兄	Brother	Bro	ally.nickname.source-001aa2b0	project_nickname_adaptation		Independent adaptation of the original personal nickname, preserving phonetic or wordplay cues; not an official species-name replacement. Full name retained as Brother; Bro is an explicit project short display for the five-character stored field, not another official localization. Duplicate recruits retain their numeric suffix; a five-letter base loses its last letter before adding the digit. Reserved/boss/test-style row: natural reachability unverified.
ally.nickname.189	おおぼす	ヘルジャスティス	Big Boss	Boss	ally.nickname.source-001aa2bc	project_nickname_adaptation		Independent adaptation of the original personal nickname, preserving phonetic or wordplay cues; not an official species-name replacement. Full name retained as Big Boss; Boss is an explicit project short display for the five-character stored field, not another official localization. Duplicate recruits retain their numeric suffix; a five-letter base loses its last letter before adding the digit. Reserved/boss/test-style row: natural reachability unverified.
ally.nickname.190	よやく	予約	Reserved	Rsrv	ally.nickname.source-001aa2a8	project_nickname_adaptation		Independent adaptation of the original personal nickname, preserving phonetic or wordplay cues; not an official species-name replacement. Full name retained as Reserved; Rsrv is an explicit project short display for the five-character stored field, not another official localization. Duplicate recruits retain their numeric suffix; a five-letter base loses its last letter before adding the digit. Reserved/boss/test-style row: natural reachability unverified.
ally.nickname.191	ロサ	ロサ	Rosa		enemy_rosa	project_choice		Retains the existing scoped glossary identity. This table row is not proof of ordinary monster recruitment. Duplicate recruits retain their numeric suffix; a five-letter base loses its last letter before adding the digit.
ally.nickname.192	イネス	イネス	Ines		enemy_ines	project_choice		Retains the existing scoped glossary identity. This table row is not proof of ordinary monster recruitment. Duplicate recruits retain their numeric suffix; a five-letter base loses its last letter before adding the digit.
ally.nickname.193	マーネ	マネマネ	Mane		ally.nickname.source-001aa290	project_nickname_adaptation		Independent adaptation of the original personal nickname, preserving phonetic or wordplay cues; not an official species-name replacement. Duplicate recruits retain their numeric suffix; a five-letter base loses its last letter before adding the digit.
ally.nickname.194	フレイ	フレイム	Frey		ally.nickname.source-001aa288	project_nickname_adaptation		Independent adaptation of the original personal nickname, preserving phonetic or wordplay cues; not an official species-name replacement. Duplicate recruits retain their numeric suffix; a five-letter base loses its last letter before adding the digit.
ally.nickname.195	ブリード	ブリザード	Breed		ally.nickname.source-001aa27c	project_nickname_adaptation		Independent adaptation of the original personal nickname, preserving phonetic or wordplay cues; not an official species-name replacement. Duplicate recruits retain their numeric suffix; a five-letter base loses its last letter before adding the digit.
ally.nickname.196	ピエール	スライムナイト	Goodian	Goody	ally.nickname.source-001aa270	modern_official_nickname_secondary_inferred_ordinal	nickname_dq5_japanese,nickname_dq5_english	Exact Japanese nickname/species matches DQ V recruit number 1. English counterpart inferred from the same ordinal in the DS guide; secondary evidence, not a direct bilingual capture. Other DQ V defaults are not substituted merely because the species matches. Full name retained as Goodian; Goody is an explicit project short display for the five-character stored field, not another official localization. Duplicate recruits retain their numeric suffix; a five-letter base loses its last letter before adding the digit.
ally.nickname.197	メタライ	メタルライダー	Metarai	Metra	ally.nickname.source-001aa264	project_nickname_adaptation		Independent adaptation of the original personal nickname, preserving phonetic or wordplay cues; not an official species-name replacement. Full name retained as Metarai; Metra is an explicit project short display for the five-character stored field, not another official localization. Duplicate recruits retain their numeric suffix; a five-letter base loses its last letter before adding the digit.
ally.nickname.198	パウロ	ポポロ	Paulo		placeholder.paulo	project_transliteration_unverified_test_context		Retains the existing scoped glossary identity. Source is パウロ, a test-style placeholder; do not replace with the separate ポポロ/Tipper identity. Duplicate recruits retain their numeric suffix; a five-letter base loses its last letter before adding the digit. Reserved/boss/test-style row: natural reachability unverified.
ally.nickname.199	ニセトル	ニセトルネコ	Fake Torneko	Fako	ally.nickname.source-001aa250	project_nickname_adaptation		Independent adaptation of the original personal nickname, preserving phonetic or wordplay cues; not an official species-name replacement. Full name retained as Fake Torneko; Fako is an explicit project short display for the five-character stored field, not another official localization. Duplicate recruits retain their numeric suffix; a five-letter base loses its last letter before adding the digit. Reserved/boss/test-style row: natural reachability unverified.
