id	japanese	full_english	glossary_references	notes
journey.00872fec	無効	Invalid	place.journey.00872fec	Independent translation from the pinned Japanese GBA source. Preserve mechanics, command parameters and shared pointer ownership. Complete project label fits the native 29-byte payload and font 0; original coordinates and record index remain unchanged.
journey.00872ff4	はじめから	From the beginning	place.journey.00872ff4	Independent translation from the pinned Japanese GBA source. Preserve mechanics, command parameters and shared pointer ownership. Complete project label fits the native 29-byte payload and font 0; original coordinates and record index remain unchanged.
journey.00873000	海竜島の遺跡	Sea Dragon Isle ruins	place.journey.0087310c,interface.dungeon.006	Independent translation from the pinned Japanese GBA source. Preserve mechanics, command parameters and shared pointer ownership. Complete project label fits the native 29-byte payload and font 0; original coordinates and record index remain unchanged.
journey.00873010	モンスター闘技場	Monster arena	place.journey.00873010	Independent translation from the pinned Japanese GBA source. Preserve mechanics, command parameters and shared pointer ownership. Complete project label fits the native 29-byte payload and font 0; original coordinates and record index remain unchanged.
journey.00873024	大樹の根元	Great Tree roots	place.journey.00873024	Independent translation from the pinned Japanese GBA source. Preserve mechanics, command parameters and shared pointer ownership. Complete project label fits the native 29-byte payload and font 0; original coordinates and record index remain unchanged.
journey.00873030	北の高原のほこら	Northern Plateau shrine	place.journey.00873030	Independent translation from the pinned Japanese GBA source. Preserve mechanics, command parameters and shared pointer ownership. Complete project label fits the native 29-byte payload and font 0; original coordinates and record index remain unchanged.
journey.00873044	山脈のふもとのほこら	Mountain Foothills shrine	place.journey.00873044	Independent translation from the pinned Japanese GBA source. Preserve mechanics, command parameters and shared pointer ownership. Complete project label fits the native 29-byte payload and font 0; original coordinates and record index remain unchanged.
journey.0087305c	旅人の祭壇	Traveller's Altar	place.journey.0087305c	Independent translation from the pinned Japanese GBA source. Preserve mechanics, command parameters and shared pointer ownership. Complete project label fits the native 29-byte payload and font 0; original coordinates and record index remain unchanged.
journey.00873068	遺跡の休息地　北	Ruins rest stop - North	place.journey.00873068	Independent translation from the pinned Japanese GBA source. Preserve mechanics, command parameters and shared pointer ownership. Complete project label fits the native 29-byte payload and font 0; original coordinates and record index remain unchanged.
journey.0087307c	遺跡の休息地　南	Ruins rest stop - South	place.journey.0087307c	Independent translation from the pinned Japanese GBA source. Preserve mechanics, command parameters and shared pointer ownership. Complete project label fits the native 29-byte payload and font 0; original coordinates and record index remain unchanged.
journey.00873090	海底山地の休けい所	Seabed mountain rest stop	place.journey.00873090	Independent translation from the pinned Japanese GBA source. Preserve mechanics, command parameters and shared pointer ownership. Complete project label fits the native 29-byte payload and font 0; original coordinates and record index remain unchanged.
journey.008730a4	神殿の小部屋	Temple chamber	place.journey.008730a4	Independent translation from the pinned Japanese GBA source. Preserve mechanics, command parameters and shared pointer ownership. Complete project label fits the native 29-byte payload and font 0; original coordinates and record index remain unchanged.
journey.008730b4	いざないのほこら	Beckoning shrine	place.journey.008730b4	Independent translation from the pinned Japanese GBA source. Preserve mechanics, command parameters and shared pointer ownership. Complete project label fits the native 29-byte payload and font 0; original coordinates and record index remain unchanged.
journey.008730c8	神々のほこら	Shrine of the Gods	place.shrine_of_the_gods	Independent translation from the pinned Japanese GBA source. Preserve mechanics, command parameters and shared pointer ownership. Complete project label fits the native 29-byte payload and font 0; original coordinates and record index remain unchanged.
journey.008730d8	グレートバレイナ城下町	Great Baleina castle town	place.journey.008730d8,place.journey.00873120	Independent translation from the pinned Japanese GBA source. Preserve mechanics, command parameters and shared pointer ownership. Complete project label fits the native 29-byte payload and font 0; original coordinates and record index remain unchanged.
journey.008730f0	密林島	Jungle Isle	place.journey.008730f0	Independent translation from the pinned Japanese GBA source. Preserve mechanics, command parameters and shared pointer ownership. Complete project label fits the native 29-byte payload and font 0; original coordinates and record index remain unchanged.
journey.008730f8	グレートバレイナ島	Great Baleina Isle	place.journey.008730f8	Independent translation from the pinned Japanese GBA source. Preserve mechanics, command parameters and shared pointer ownership. Complete project label fits the native 29-byte payload and font 0; original coordinates and record index remain unchanged.
journey.0087310c	海竜島	Sea Dragon Isle	place.journey.0087310c	Independent translation from the pinned Japanese GBA source. Preserve mechanics, command parameters and shared pointer ownership. Complete project label fits the native 29-byte payload and font 0; original coordinates and record index remain unchanged.
journey.00873114	バリナボ島	Barinabo Isle	place.barinabo	Independent translation from the pinned Japanese GBA source. Preserve mechanics, command parameters and shared pointer ownership. Complete project label fits the native 29-byte payload and font 0; original coordinates and record index remain unchanged.
journey.00873120	グレートバレイナ城	Great Baleina Castle	place.journey.00873120	Independent translation from the pinned Japanese GBA source. Preserve mechanics, command parameters and shared pointer ownership. Complete project label fits the native 29-byte payload and font 0; original coordinates and record index remain unchanged.
journey.00873134	プチット族の村	Conklave Village	place.journey.00873134	Independent translation from the pinned Japanese GBA source. Preserve mechanics, command parameters and shared pointer ownership. Complete project label fits the native 29-byte payload and font 0; original coordinates and record index remain unchanged.
journey.00873144	ひかえの間	Waiting room	place.journey.00873144	Independent translation from the pinned Japanese GBA source. Preserve mechanics, command parameters and shared pointer ownership. Complete project label fits the native 29-byte payload and font 0; original coordinates and record index remain unchanged.
journey.00873150	密林の小屋	Jungle hut	place.journey.00873150	Independent translation from the pinned Japanese GBA source. Preserve mechanics, command parameters and shared pointer ownership. Complete project label fits the native 29-byte payload and font 0; original coordinates and record index remain unchanged.
journey.0087315c	マダム・グラコスのバザー	Madame Gracos's bazaar	place.journey.0087315c	Independent translation from the pinned Japanese GBA source. Preserve mechanics, command parameters and shared pointer ownership. Complete project label fits the native 29-byte payload and font 0; original coordinates and record index remain unchanged.
journey.00873178	占いババの家	Fortune-teller's house	place.journey.00873178	Independent translation from the pinned Japanese GBA source. Preserve mechanics, command parameters and shared pointer ownership. Complete project label fits the native 29-byte payload and font 0; original coordinates and record index remain unchanged.
journey.00873188	コスタリベラ	Costa Libera	place.journey.00873188	Independent translation from the pinned Japanese GBA source. Preserve mechanics, command parameters and shared pointer ownership. Complete project label fits the native 29-byte payload and font 0; original coordinates and record index remain unchanged.
journey.00873198	海竜の灯台	Sea Dragon Lighthouse	place.journey.00873198	Independent translation from the pinned Japanese GBA source. Preserve mechanics, command parameters and shared pointer ownership. Complete project label fits the native 29-byte payload and font 0; original coordinates and record index remain unchanged.
journey.008731a4	海底の家	Undersea House	place.journey.008731a4	Independent translation from the pinned Japanese GBA source. Preserve mechanics, command parameters and shared pointer ownership. Complete project label fits the native 29-byte payload and font 0; original coordinates and record index remain unchanged.
journey.008731b0	メダル王の城	Medal King's castle	place.journey.008731b0,role.medal_king	Independent translation from the pinned Japanese GBA source. Preserve mechanics, command parameters and shared pointer ownership. Complete project label fits the native 29-byte payload and font 0; original coordinates and record index remain unchanged.
journey.008731c0	バリナボの村	Barinabo Village	place.barinabo	Independent translation from the pinned Japanese GBA source. Preserve mechanics, command parameters and shared pointer ownership. Complete project label fits the native 29-byte payload and font 0; original coordinates and record index remain unchanged.
journey.00b7a55c	この先はダンジョン<LF>いざないの洞くつ　へ進みます。<LF>よろしいでしょうか？	Continue into the dungeon<LF>Beckoning cavern?	interface.dungeon.001	Independent translation from the pinned Japanese GBA source. Preserve mechanics, command parameters and shared pointer ownership. Original Yes/No question meaning and parameters retained. Scope includes related return/later protagonist states; not all messages belong to the first visit.
journey.00b7a71c	この先はダンジョン<LF>神々の道　へ進みます。<LF>よろしいでしょうか？	Continue into the dungeon<LF>Path of the gods?	interface.dungeon.013	Independent translation from the pinned Japanese GBA source. Preserve mechanics, command parameters and shared pointer ownership. Original Yes/No question meaning and parameters retained. Scope includes related return/later protagonist states; not all messages belong to the first visit.
journey.00b7a844	ロサ「こんなの　聞いてないよ……。<LF><TAB>まあ　いいや。　さっさと　地下への<LF><TAB>階段に　向かおうぜ。	"Rosa: ""Nobody told me about this... Oh, well. Let's head for the stairs down."""	enemy_rosa	Independent translation from the pinned Japanese GBA source. Preserve mechanics, command parameters and shared pointer ownership. Scope includes related return/later protagonist states; not all messages belong to the first visit.
journey.00b7a8a4	ロサ「なんだい　ここは　バリナボ族長の<LF><TAB>孫である　オイラにも　封印された<LF><TAB>トビラってわけか？	"Rosa: ""What's this? A sealed door even the Barinabo chief's grandson can't open?"""	enemy_rosa,place.barinabo	Independent translation from the pinned Japanese GBA source. Preserve mechanics, command parameters and shared pointer ownership. Scope includes related return/later protagonist states; not all messages belong to the first visit.
journey.00b7aa14	“そなたが　選ばれし者ならば<LF>このトビラの記憶を　ときはなち<LF>真実への道を　進むべし”	'If you are the chosen one, free this door's memories and follow the path to truth.'		Independent translation from the pinned Japanese GBA source. Preserve mechanics, command parameters and shared pointer ownership. Scope includes related return/later protagonist states; not all messages belong to the first visit.
journey.00b7aa6c	“光に照らされる者は　光の中におり<LF>過去をうつす鏡は　過去の中にある”	'Those lit by the light dwell in light. The mirror of the past lies in the past.'		Independent translation from the pinned Japanese GBA source. Preserve mechanics, command parameters and shared pointer ownership. Scope includes related return/later protagonist states; not all messages belong to the first visit.
journey.00b7aab4	そこには　古代文字のようなもので<LF>こう　きざまれている。	Something like ancient writing is carved into the stone. It reads:		Independent translation from the pinned Japanese GBA source. Preserve mechanics, command parameters and shared pointer ownership. Scope includes related return/later protagonist states; not all messages belong to the first visit.
journey.00b7aaec	$tは　壁の石版の文字を　ながめた。	$t examined the writing on the stone tablet in the wall.	torneko,enemy_tipper	Independent translation from the pinned Japanese GBA source. Preserve mechanics, command parameters and shared pointer ownership. Scope includes related return/later protagonist states; not all messages belong to the first visit.
journey.00b7ac18	トビラの中央には　何かを　埋め込むような<LF>くぼみが　ある……。	There is a hollow in the middle of the door, as if something should fit inside...		Independent translation from the pinned Japanese GBA source. Preserve mechanics, command parameters and shared pointer ownership. Scope includes related return/later protagonist states; not all messages belong to the first visit.
journey.00b7ac58	$tは　目の前のトビラを　ながめた。	$t examined the door ahead.	torneko,enemy_tipper	Independent translation from the pinned Japanese GBA source. Preserve mechanics, command parameters and shared pointer ownership. Scope includes related return/later protagonist states; not all messages belong to the first visit.
journey.00b7ad0c	神々の星が　すいこまれるように<LF>トビラのくぼみに　はまっていった！	The Star of the Gods slipped into the hollow in the door, as though drawn inside!	lore.star_of_the_gods	Independent translation from the pinned Japanese GBA source. Preserve mechanics, command parameters and shared pointer ownership. Scope includes related return/later protagonist states; not all messages belong to the first visit.
journey.00b7ad50	ポポロが　たずさえた　神々の星が<LF>少しずつ　輝きはじめた！	The Star of the Gods that Tipper carried began to glow!	enemy_tipper,lore.star_of_the_gods	Independent translation from the pinned Japanese GBA source. Preserve mechanics, command parameters and shared pointer ownership. Scope includes related return/later protagonist states; not all messages belong to the first visit.
journey.00b84f18	この先はダンジョン<LF>いざないの洞くつ　へ戻ります。<LF>よろしいでしょうか？	Return to the dungeon<LF>Beckoning cavern?	interface.dungeon.001	Independent translation from the pinned Japanese GBA source. Preserve mechanics, command parameters and shared pointer ownership. Original Yes/No question meaning and parameters retained. Scope includes related return/later protagonist states; not all messages belong to the first visit.
journey.00b84fe0	この先はダンジョン<LF>南海の地下道　へ進みます。<LF>よろしいでしょうか？	Continue into the dungeon<LF>South Sea tunnel?	interface.dungeon.002	Independent translation from the pinned Japanese GBA source. Preserve mechanics, command parameters and shared pointer ownership. Original Yes/No question meaning and parameters retained. Scope includes related return/later protagonist states; not all messages belong to the first visit.
journey.00b853cc	＊「封印のワナについては　そんなところじゃ。<LF><TAB>他にも　聞きたいかね？	"???: ""That's all on Sealing traps. Anything else you'd like to hear?"""	interface.trap.011	Independent translation from the pinned Japanese GBA source. Preserve mechanics, command parameters and shared pointer ownership. Anonymous speaker remains ???; do not reveal a later identity. Original Yes/No question meaning and parameters retained. Scope includes related return/later protagonist states; not all messages belong to the first visit.
journey.00b85414	＊「つらいかもしれんが<LF><TAB>そこはガマンが　大切じゃ！	"???: ""It may be tough, but patience is the key!"""		Independent translation from the pinned Japanese GBA source. Preserve mechanics, command parameters and shared pointer ownership. Anonymous speaker remains ???; do not reveal a later identity. Scope includes related return/later protagonist states; not all messages belong to the first visit.
journey.00b85448	＊「ほおっておいても　元には<LF><TAB>戻ってくれんでのう…。	"???: ""Leaving them alone won't restore them, you see..."""		Independent translation from the pinned Japanese GBA source. Preserve mechanics, command parameters and shared pointer ownership. Anonymous speaker remains ???; do not reveal a later identity. Scope includes related return/later protagonist states; not all messages belong to the first visit.
journey.00b85480	＊「しかし　封印されてしまったアイテムを<LF><TAB>元に戻すには　使いつづけるしか<LF><TAB>ないのじゃ。	"???: ""To restore a sealed item, you have to keep using it."""		Independent translation from the pinned Japanese GBA source. Preserve mechanics, command parameters and shared pointer ownership. Anonymous speaker remains ???; do not reveal a later identity. Scope includes related return/later protagonist states; not all messages belong to the first visit.
journey.00b854d8	＊「こりゃ　困った！！<LF><TAB>いっこくも　はやく<LF><TAB>元に戻したいところじゃろ？	"???: ""Quite a nuisance! You'll want to fix that as soon as you can, eh?"""		Independent translation from the pinned Japanese GBA source. Preserve mechanics, command parameters and shared pointer ownership. Anonymous speaker remains ???; do not reveal a later identity. Scope includes related return/later protagonist states; not all messages belong to the first visit.
journey.00b85520	＊「封印されたアイテムは<LF><TAB>名前が赤くなって　特殊な能力が<LF><TAB>使えなくなってしまう。	"???: ""A sealed item's name turns red, and its special powers stop working."""		Independent translation from the pinned Japanese GBA source. Preserve mechanics, command parameters and shared pointer ownership. Anonymous speaker remains ???; do not reveal a later identity. Scope includes related return/later protagonist states; not all messages belong to the first visit.
journey.00b85574	＊「このワナは　お前さんの<LF><TAB>持っておる武器や　指輪などを<LF><TAB>封印してしまうんじゃ。	"???: ""It seals items you're carrying, such as weapons and rings."""		Independent translation from the pinned Japanese GBA source. Preserve mechanics, command parameters and shared pointer ownership. Anonymous speaker remains ???; do not reveal a later identity. Scope includes related return/later protagonist states; not all messages belong to the first visit.
journey.00b855c8	＊「ワナには　いろいろと種類があるが<LF><TAB>そのなかに　封印のワナ　と<LF><TAB>いうものがあってな。	"???: ""There are all sorts of traps. One of them is called a Sealing trap."""	interface.trap.011	Independent translation from the pinned Japanese GBA source. Preserve mechanics, command parameters and shared pointer ownership. Anonymous speaker remains ???; do not reveal a later identity. Scope includes related return/later protagonist states; not all messages belong to the first visit.
journey.00b85620	＊「ワナについては　そんなところじゃ。<LF><TAB>他にも　聞きたいかね？	"???: ""That's all on traps. Anything else you'd like to hear?"""		Independent translation from the pinned Japanese GBA source. Preserve mechanics, command parameters and shared pointer ownership. Anonymous speaker remains ???; do not reveal a later identity. Original Yes/No question meaning and parameters retained. Scope includes related return/later protagonist states; not all messages belong to the first visit.
journey.00b85660	＊「ダンジョンで　新しい部屋に<LF><TAB>入った時は　念のため　しらべるのも<LF><TAB>いいかもしれんな。	"???: ""When you enter a new room, it may be wise to check for traps, just in case."""		Independent translation from the pinned Japanese GBA source. Preserve mechanics, command parameters and shared pointer ownership. Anonymous speaker remains ???; do not reveal a later identity. Scope includes related return/later protagonist states; not all messages belong to the first visit.
journey.00b856b8	＊「お前さんが　武器をふれば<LF><TAB>目の前にあるワナを　見つけることが<LF><TAB>できるのじゃ。	"???: ""Swing your weapon to reveal any trap right in front of you."""		Independent translation from the pinned Japanese GBA source. Preserve mechanics, command parameters and shared pointer ownership. Anonymous speaker remains ???; do not reveal a later identity. Scope includes related return/later protagonist states; not all messages belong to the first visit.
journey.00b8570c	＊「体力に　よゆうのあるときは<LF><TAB>まだいいが　そうでないときは<LF><TAB>ワナをさぐりながら　進むべし。	"???: ""If you're healthy, you may manage. If not, search for traps as you go."""		Independent translation from the pinned Japanese GBA source. Preserve mechanics, command parameters and shared pointer ownership. Anonymous speaker remains ???; do not reveal a later identity. Scope includes related return/later protagonist states; not all messages belong to the first visit.
journey.00b8576c	＊「なかには　そのワナをふむと<LF><TAB>ばくはつして　大ダメージを<LF><TAB>受ける　おそろしいものもある。	"???: ""Some nasty traps explode when you step on them, dealing heavy damage."""		Independent translation from the pinned Japanese GBA source. Preserve mechanics, command parameters and shared pointer ownership. Anonymous speaker remains ???; do not reveal a later identity. Scope includes related return/later protagonist states; not all messages belong to the first visit.
journey.00b857c8	＊「眠くなってしまう　睡眠ガスの<LF><TAB>ワナや　どこかへ飛ばされる<LF><TAB>ワナなど　たくさんじゃ。	"???: ""Others release sleeping gas or send you flying somewhere else. So many kinds!"""		Independent translation from the pinned Japanese GBA source. Preserve mechanics, command parameters and shared pointer ownership. Anonymous speaker remains ???; do not reveal a later identity. Scope includes related return/later protagonist states; not all messages belong to the first visit.
journey.00b85820	＊「お前さんに向かって　木の矢が<LF><TAB>飛んでくるワナや　回転して<LF><TAB>目が回ってしまうワナ。	"???: ""Some fire Wooden arrows at you. Others spin you round until you're dizzy."""	combined_item_116	Independent translation from the pinned Japanese GBA source. Preserve mechanics, command parameters and shared pointer ownership. Anonymous speaker remains ???; do not reveal a later identity. Scope includes related return/later protagonist states; not all messages belong to the first visit.
journey.00b85878	＊「ダンジョンには　いろんな<LF><TAB>おそろしいワナが<LF><TAB>しかけられておる。	"???: ""Dungeons are full of all sorts of fearsome traps."""		Independent translation from the pinned Japanese GBA source. Preserve mechanics, command parameters and shared pointer ownership. Anonymous speaker remains ???; do not reveal a later identity. Scope includes related return/later protagonist states; not all messages belong to the first visit.
journey.00b858bc	＊「アイテムについては<LF><TAB>そんなところじゃ。<LF><TAB>他にも　聞きたいかね？	"???: ""That's all on items. Anything else you'd like to hear?"""		Independent translation from the pinned Japanese GBA source. Preserve mechanics, command parameters and shared pointer ownership. Anonymous speaker remains ???; do not reveal a later identity. Original Yes/No question meaning and parameters retained. Scope includes related return/later protagonist states; not all messages belong to the first visit.
journey.00b85900	＊「ダンジョンで　ちからつきたら<LF><TAB>お金や　アイテムを　モンスターに<LF><TAB>ぬすまれてしまうからな。	"???: ""Collapse in a dungeon, and monsters will steal your gold and items."""		Independent translation from the pinned Japanese GBA source. Preserve mechanics, command parameters and shared pointer ownership. Anonymous speaker remains ???; do not reveal a later identity. Scope includes related return/later protagonist states; not all messages belong to the first visit.
journey.00b85960	＊「そして　冒険を続けるのが<LF><TAB>無理かな？　と思ったら　いさぎよく<LF><TAB>リレミトの巻物で　戻ること。	"???: ""If you feel you can't go on, swallow your pride and use an Evac scroll to return."""	combined_item_194	Independent translation from the pinned Japanese GBA source. Preserve mechanics, command parameters and shared pointer ownership. Anonymous speaker remains ???; do not reveal a later identity. Scope includes related return/later protagonist states; not all messages belong to the first visit.
journey.00b859c0	＊「ダンジョンには　たくさんの<LF><TAB>アイテムが　落ちておる。<LF><TAB>拾って　使ってみることじゃ。	"???: ""Dungeons are littered with items. Pick them up and try them out."""		Independent translation from the pinned Japanese GBA source. Preserve mechanics, command parameters and shared pointer ownership. Anonymous speaker remains ???; do not reveal a later identity. Scope includes related return/later protagonist states; not all messages belong to the first visit.
journey.00b85a18	＊「自分の体力を　回復できる<LF><TAB>回復の壺や　仲間の体力を<LF><TAB>回復できる　ホイミの杖など…	"???: ""Recovery pots restore your HP, while Heal staffs restore your companions' HP..."""	combined_item_083,combined_item_249	Independent translation from the pinned Japanese GBA source. Preserve mechanics, command parameters and shared pointer ownership. Anonymous speaker remains ???; do not reveal a later identity. Scope includes related return/later protagonist states; not all messages belong to the first visit.
journey.00b85a70	＊「そして　たくさんのアイテムを<LF><TAB>持ち歩くのに　かかせない<LF><TAB>保存の壺。	"???: ""And Storage pots are essential for carrying plenty of items."""	combined_item_247	Independent translation from the pinned Japanese GBA source. Preserve mechanics, command parameters and shared pointer ownership. Anonymous speaker remains ???; do not reveal a later identity. Scope includes related return/later protagonist states; not all messages belong to the first visit.
journey.00b85ab8	＊「とくに　火炎草などを使えば<LF><TAB>普通のモンスターなら<LF><TAB>ひとたまりもないじゃろう。	"???: ""A Flame herb, for instance, will make short work of most ordinary monsters."""	combined_item_292	Independent translation from the pinned Japanese GBA source. Preserve mechanics, command parameters and shared pointer ownership. Anonymous speaker remains ???; do not reveal a later identity. Scope includes related return/later protagonist states; not all messages belong to the first visit.
journey.00b85b0c	＊「はじめのうちは　手に入る道具を<LF><TAB>使って　たたかいを進めていく<LF><TAB>方法を　おぼえるがええ。	"???: ""Early on, learn to fight by making good use of whatever items you find."""		Independent translation from the pinned Japanese GBA source. Preserve mechanics, command parameters and shared pointer ownership. Anonymous speaker remains ???; do not reveal a later identity. Scope includes related return/later protagonist states; not all messages belong to the first visit.
journey.00b85b68	＊「必ず　武器や盾を　手に入れ<LF><TAB>それらを強くすることじゃが…<LF><TAB>それには　多くの時間がかかる。	"???: ""You'll need weapons and shields, and you'll need to strengthen them. That takes time."""		Independent translation from the pinned Japanese GBA source. Preserve mechanics, command parameters and shared pointer ownership. Anonymous speaker remains ???; do not reveal a later identity. Scope includes related return/later protagonist states; not all messages belong to the first visit.
journey.00b85bc8	＊「よいか。　どんな勇者でも<LF><TAB>強い武器　強い盾がなければ<LF><TAB>たたかうことは　むずかしい。	"???: ""Listen. Even a hero struggles to fight without a strong weapon and shield."""		Independent translation from the pinned Japanese GBA source. Preserve mechanics, command parameters and shared pointer ownership. Anonymous speaker remains ???; do not reveal a later identity. Scope includes related return/later protagonist states; not all messages belong to the first visit.
journey.00b85c20	＊「アイテムを　制するものは<LF><TAB>ダンジョンを　制する。<LF><TAB>こりゃ　わしの言葉じゃ。	"???: ""Master your items, and you'll master the dungeon. That's a saying of mine."""		Independent translation from the pinned Japanese GBA source. Preserve mechanics, command parameters and shared pointer ownership. Anonymous speaker remains ???; do not reveal a later identity. Scope includes related return/later protagonist states; not all messages belong to the first visit.
journey.00b85c70	＊「モンスターについては<LF><TAB>そんなところじゃな。<LF><TAB>他にも　聞きたいかね？	"???: ""That's all on monsters. Anything else you'd like to hear?"""		Independent translation from the pinned Japanese GBA source. Preserve mechanics, command parameters and shared pointer ownership. Anonymous speaker remains ???; do not reveal a later identity. Original Yes/No question meaning and parameters retained. Scope includes related return/later protagonist states; not all messages belong to the first visit.
journey.00b85cb8	＊「ただ　こうげきするだけ　じゃなく<LF><TAB>自分が　有利になる　たたかい方を<LF><TAB>研究するのじゃ。	"???: ""Don't just attack blindly. Work out ways to fight that give you an advantage."""		Independent translation from the pinned Japanese GBA source. Preserve mechanics, command parameters and shared pointer ownership. Anonymous speaker remains ???; do not reveal a later identity. Scope includes related return/later protagonist states; not all messages belong to the first visit.
journey.00b85d14	＊「巻物を利用して　かなしばりに<LF><TAB>したりするのも　いいじゃろう。	"???: ""Using a scroll to paralyse them is another good idea."""		Independent translation from the pinned Japanese GBA source. Preserve mechanics, command parameters and shared pointer ownership. Anonymous speaker remains ???; do not reveal a later identity. Scope includes related return/later protagonist states; not all messages belong to the first visit.
journey.00b85d58	＊「たとえば　眠らせる効果のある<LF><TAB>草を　モンスターに投げて<LF><TAB>眠らせたり…	"???: ""For instance, throw a sleep-inducing herb at a monster to put it to sleep..."""		Independent translation from the pinned Japanese GBA source. Preserve mechanics, command parameters and shared pointer ownership. Anonymous speaker remains ???; do not reveal a later identity. Scope includes related return/later protagonist states; not all messages belong to the first visit.
journey.00b85da4	＊「そんなヤツを　１発で<LF><TAB>たおせないうちは　アイテムを<LF><TAB>うまく使って　動きを封じること。	"???: ""Until you can beat them in one hit, use items wisely to stop them moving."""		Independent translation from the pinned Japanese GBA source. Preserve mechanics, command parameters and shared pointer ownership. Anonymous speaker remains ???; do not reveal a later identity. Scope includes related return/later protagonist states; not all messages belong to the first visit.
journey.00b85e00	＊「スピードが速くて<LF><TAB>お前さんが　１回動くうちに<LF><TAB>２回動くヤツも　おるじゃろう。	"???: ""Some are so fast that they move twice for every move you make."""		Independent translation from the pinned Japanese GBA source. Preserve mechanics, command parameters and shared pointer ownership. Anonymous speaker remains ???; do not reveal a later identity. Scope includes related return/later protagonist states; not all messages belong to the first visit.
journey.00b85e54	＊「とくに　気をつけるのは<LF><TAB>お前さんや仲間を　眠らせたり<LF><TAB>混乱させたりするヤツじゃ。	"???: ""Watch out for those that put you or your companions to sleep, or confuse you."""		Independent translation from the pinned Japanese GBA source. Preserve mechanics, command parameters and shared pointer ownership. Anonymous speaker remains ???; do not reveal a later identity. Scope includes related return/later protagonist states; not all messages belong to the first visit.
journey.00b85eac	＊「モンスターには　そりゃ<LF><TAB>いろんなヤツが　おるでなあ…	"???: ""There are all sorts of monsters out there..."""		Independent translation from the pinned Japanese GBA source. Preserve mechanics, command parameters and shared pointer ownership. Anonymous speaker remains ???; do not reveal a later identity. Scope includes related return/later protagonist states; not all messages belong to the first visit.
journey.00b85ee8	＊「ダンジョンについては<LF><TAB>そんなところじゃな。<LF><TAB>他にも　聞きたいかね？	"???: ""That's all on dungeons. Anything else you'd like to hear?"""		Independent translation from the pinned Japanese GBA source. Preserve mechanics, command parameters and shared pointer ownership. Anonymous speaker remains ???; do not reveal a later identity. Original Yes/No question meaning and parameters retained. Scope includes related return/later protagonist states; not all messages belong to the first visit.
journey.00b85f30	＊「入り口の角が　ジャマになって<LF><TAB>モンスターには　当たらない場合も<LF><TAB>あるので　気をつけなされよ。	"???: ""The corner of the doorway may block your blow. Be careful!"""		Independent translation from the pinned Japanese GBA source. Preserve mechanics, command parameters and shared pointer ownership. Anonymous speaker remains ???; do not reveal a later identity. Scope includes related return/later protagonist states; not all messages belong to the first visit.
journey.00b85f94	＊「そうそう　忘れるところじゃったが<LF><TAB>部屋の入り口などから　ナナメに<LF><TAB>モンスターをこうげきしても…	"???: ""Oh, I nearly forgot. When attacking a monster diagonally from a doorway..."""		Independent translation from the pinned Japanese GBA source. Preserve mechanics, command parameters and shared pointer ownership. Anonymous speaker remains ???; do not reveal a later identity. Scope includes related return/later protagonist states; not all messages belong to the first visit.
journey.00b85ff8	＊「ヤツラは　水の中にいると<LF><TAB>ダメージを　与えても　すぐに<LF><TAB>回復してしまうのじゃ。	"???: ""While they're in water, they quickly recover any damage you deal."""		Independent translation from the pinned Japanese GBA source. Preserve mechanics, command parameters and shared pointer ownership. Anonymous speaker remains ???; do not reveal a later identity. Scope includes related return/later protagonist states; not all messages belong to the first visit.
journey.00b8604c	＊「水の中にいるモンスターも<LF><TAB>たたくことは　できるが<LF><TAB>そのまま戦っては　いかんぞ。	"???: ""You can hit monsters in the water, but don't keep fighting them there."""		Independent translation from the pinned Japanese GBA source. Preserve mechanics, command parameters and shared pointer ownership. Anonymous speaker remains ???; do not reveal a later identity. Scope includes related return/later protagonist states; not all messages belong to the first visit.
journey.00b860a0	＊「うまく　動きまわって<LF><TAB>地面の上に　ゆうどうしてから<LF><TAB>たたくことじゃな。	"???: ""Move around and lure them onto solid ground before attacking."""		Independent translation from the pinned Japanese GBA source. Preserve mechanics, command parameters and shared pointer ownership. Anonymous speaker remains ???; do not reveal a later identity. Scope includes related return/later protagonist states; not all messages belong to the first visit.
journey.00b860ec	＊「特に　カベの中にいるヤツは<LF><TAB>普通にこうげきしても<LF><TAB>こうげきが　当たらんでの。	"???: ""Normal attacks won't hit monsters inside walls, in particular."""		Independent translation from the pinned Japanese GBA source. Preserve mechanics, command parameters and shared pointer ownership. Anonymous speaker remains ???; do not reveal a later identity. Scope includes related return/later protagonist states; not all messages belong to the first visit.
journey.00b86140	＊「お前さんが通れない　水や…<LF><TAB>カベなどを　自由に<LF><TAB>通れるモンスターも　おる。	"???: ""Some monsters move freely through water and walls you can't pass through."""		Independent translation from the pinned Japanese GBA source. Preserve mechanics, command parameters and shared pointer ownership. Anonymous speaker remains ???; do not reveal a later identity. Scope includes related return/later protagonist states; not all messages belong to the first visit.
journey.00b86190	＊「ふむ。　ダンジョンには<LF><TAB>さまざまな　地形があってな…	"???: ""Hmm. Dungeons have all sorts of terrain, you see..."""		Independent translation from the pinned Japanese GBA source. Preserve mechanics, command parameters and shared pointer ownership. Anonymous speaker remains ???; do not reveal a later identity. Scope includes related return/later protagonist states; not all messages belong to the first visit.
journey.00b861cc	＊「では　立ち去るがええ。	"???: ""Off you go, then."""		Independent translation from the pinned Japanese GBA source. Preserve mechanics, command parameters and shared pointer ownership. Anonymous speaker remains ???; do not reveal a later identity. Scope includes related return/later protagonist states; not all messages belong to the first visit.
journey.00b861e8	＊「では　またな。<LF><TAB>ぐうぐう……。	"???: ""Until next time. Zzz..."""		Independent translation from the pinned Japanese GBA source. Preserve mechanics, command parameters and shared pointer ownership. Anonymous speaker remains ???; do not reveal a later identity. Scope includes related return/later protagonist states; not all messages belong to the first visit.
journey.00b8620c	＊「むむ　わがままなヤツじゃのう。<LF><TAB>なにを　聞きたいんだね？	"???: ""Hmmph! A stubborn one, aren't you? What do you want to hear about?"""		Independent translation from the pinned Japanese GBA source. Preserve mechanics, command parameters and shared pointer ownership. Anonymous speaker remains ???; do not reveal a later identity. Scope includes related return/later protagonist states; not all messages belong to the first visit.
journey.00b8624c	＊「むにゃむにゃ……<LF><TAB>わしゃ　眠いんじゃよ。<LF><TAB>話なら　後にしなさい。	"???: ""Mumble, mumble... I'm sleepy. Come back later if you want to talk."""		Independent translation from the pinned Japanese GBA source. Preserve mechanics, command parameters and shared pointer ownership. Anonymous speaker remains ???; do not reveal a later identity. Original Yes/No question meaning and parameters retained. Scope includes related return/later protagonist states; not all messages belong to the first visit.
journey.00b86294	やめる	Never mind		Independent translation from the pinned Japanese GBA source. Preserve mechanics, command parameters and shared pointer ownership. Original six-topic order and return ordinals retained across all four prompt lists. Scope includes related return/later protagonist states; not all messages belong to the first visit.
journey.00b8629c	封印のワナ	Sealing traps	interface.trap.011	Independent translation from the pinned Japanese GBA source. Preserve mechanics, command parameters and shared pointer ownership. Original six-topic order and return ordinals retained across all four prompt lists. Scope includes related return/later protagonist states; not all messages belong to the first visit.
journey.00b862a8	ワナ	Traps		Independent translation from the pinned Japanese GBA source. Preserve mechanics, command parameters and shared pointer ownership. Original six-topic order and return ordinals retained across all four prompt lists. Scope includes related return/later protagonist states; not all messages belong to the first visit.
journey.00b862b0	アイテム	Items		Independent translation from the pinned Japanese GBA source. Preserve mechanics, command parameters and shared pointer ownership. Original six-topic order and return ordinals retained across all four prompt lists. Scope includes related return/later protagonist states; not all messages belong to the first visit.
journey.00b862bc	モンスター	Monsters		Independent translation from the pinned Japanese GBA source. Preserve mechanics, command parameters and shared pointer ownership. Original six-topic order and return ordinals retained across all four prompt lists. Scope includes related return/later protagonist states; not all messages belong to the first visit.
journey.00b862c8	ダンジョン	Dungeons		Independent translation from the pinned Japanese GBA source. Preserve mechanics, command parameters and shared pointer ownership. Original six-topic order and return ordinals retained across all four prompt lists. Scope includes related return/later protagonist states; not all messages belong to the first visit.
journey.00b862d4	＊「むむ　わがままなヤツじゃのう。<LF><TAB>ならば　しかたあるまい。<LF><TAB>なにを　聞きたいんだね？	"???: ""Hmmph! A stubborn one, aren't you? Very well. What do you want to hear about?"""		Independent translation from the pinned Japanese GBA source. Preserve mechanics, command parameters and shared pointer ownership. Anonymous speaker remains ???; do not reveal a later identity. Scope includes related return/later protagonist states; not all messages belong to the first visit.
journey.00b8632c	＊「わしゃ　眠いんじゃよ。<LF><TAB>話なら　後にしなさい。	"???: ""I'm sleepy. Come back later if you want to talk."""		Independent translation from the pinned Japanese GBA source. Preserve mechanics, command parameters and shared pointer ownership. Anonymous speaker remains ???; do not reveal a later identity. Original Yes/No question meaning and parameters retained. Scope includes related return/later protagonist states; not all messages belong to the first visit.
journey.00b86360	＊「ん……？　なんだか<LF><TAB>上の方が　さわがしいと思ったら<LF><TAB>なんじゃ　お前さんは？	"???: ""Hmm...? I thought I heard a racket up above. Who might you be?"""		Independent translation from the pinned Japanese GBA source. Preserve mechanics, command parameters and shared pointer ownership. Anonymous speaker remains ???; do not reveal a later identity. Scope includes related return/later protagonist states; not all messages belong to the first visit.
journey.00b867c8	＊「はじめのうちは　手に入れる道具を<LF><TAB>使って　たたかいを進めていく<LF><TAB>方法を　おぼえるがええ。	"???: ""Early on, learn to fight by making good use of whatever items you find."""		Independent translation from the pinned Japanese GBA source. Preserve mechanics, command parameters and shared pointer ownership. Anonymous speaker remains ???; do not reveal a later identity. Scope includes related return/later protagonist states; not all messages belong to the first visit.
journey.00b86828	＊「たしか　モンスターじいさんの助手の<LF><TAB>イナッツと言ったかのう。　お前さんの<LF><TAB>チカラになってくれるはずじゃ。	"???: ""Inatts, the monster elder's assistant, I think. He should be able to help you."""	character.inatts,role.monster_elder	Independent translation from the pinned Japanese GBA source. Preserve mechanics, command parameters and shared pointer ownership. Anonymous speaker remains ???; do not reveal a later identity. Scope includes related return/later protagonist states; not all messages belong to the first visit.
journey.00b86898	＊「そういえば　メダル王の城には<LF><TAB>仲間モンスターのあつかいに<LF><TAB>くわしい者が　おったような……	"???: ""I recall someone at the Medal King's castle who knew all about monster allies..."""	place.journey.008731b0,role.medal_king	Independent translation from the pinned Japanese GBA source. Preserve mechanics, command parameters and shared pointer ownership. Anonymous speaker remains ???; do not reveal a later identity. Scope includes related return/later protagonist states; not all messages belong to the first visit.
journey.00b868f8	＊「たたかったモンスターを<LF><TAB>改心させ　仲間にしてしまうとは<LF><TAB>たいしたものだわい。	"???: ""Winning over monsters you've fought and making them allies! Most impressive."""		Independent translation from the pinned Japanese GBA source. Preserve mechanics, command parameters and shared pointer ownership. Anonymous speaker remains ???; do not reveal a later identity. Scope includes related return/later protagonist states; not all messages belong to the first visit.
journey.00b8694c	＊「モンスターについては<LF><TAB>お前さんは　特別なチカラを<LF><TAB>持っておるようじゃな。	"???: ""You seem to have a special gift when it comes to monsters."""		Independent translation from the pinned Japanese GBA source. Preserve mechanics, command parameters and shared pointer ownership. Anonymous speaker remains ???; do not reveal a later identity. Scope includes related return/later protagonist states; not all messages belong to the first visit.
journey.00b8699c	＊「では　またな。<LF><TAB>セカセカセカ……。	"???: ""Until next time. Busy, busy..."""		Independent translation from the pinned Japanese GBA source. Preserve mechanics, command parameters and shared pointer ownership. Anonymous speaker remains ???; do not reveal a later identity. Scope includes related return/later protagonist states; not all messages belong to the first visit.
journey.00b869c4	＊「ん？　なんじゃ　お前さんは？<LF><TAB>わしゃ　いそがしいんじゃよ。<LF><TAB>話なら　後にしなさい。	"???: ""Hmm? Who are you? I'm busy. Come back later if you want to talk."""		Independent translation from the pinned Japanese GBA source. Preserve mechanics, command parameters and shared pointer ownership. Anonymous speaker remains ???; do not reveal a later identity. Original Yes/No question meaning and parameters retained. Scope includes related return/later protagonist states; not all messages belong to the first visit.
journey.00b871a8	この先はダンジョン<LF>南海の地下道　へ戻ります。<LF>よろしいでしょうか？	Return to the dungeon<LF>South Sea tunnel?	interface.dungeon.002	Independent translation from the pinned Japanese GBA source. Preserve mechanics, command parameters and shared pointer ownership. Original Yes/No question meaning and parameters retained. Scope includes related return/later protagonist states; not all messages belong to the first visit.
journey.00b8727c	この先はダンジョン<LF>さんご礁の神殿　広間　へ進みます。<LF>よろしいでしょうか？	Continue into the dungeon<LF>Coral temple - Hall?	interface.dungeon.003	Independent translation from the pinned Japanese GBA source. Preserve mechanics, command parameters and shared pointer ownership. Original Yes/No question meaning and parameters retained. Scope includes related return/later protagonist states; not all messages belong to the first visit.
journey.00b87330	カベには　地図が　かけられている。<LF>しかし　この場所は<LF>地図には　描かれていないようだ。	A map hangs on the wall. However, this place doesn't seem to be marked on it.		Independent translation from the pinned Japanese GBA source. Preserve mechanics, command parameters and shared pointer ownership. Scope includes related return/later protagonist states; not all messages belong to the first visit.
journey.00b87450	＊「おお　神よ！<LF><TAB>この者に　聖なるご加護の<LF><TAB>あらんことを！	"???: ""O Lord! May your holy blessing be upon this traveller!"""		Independent translation from the pinned Japanese GBA source. Preserve mechanics, command parameters and shared pointer ownership. Anonymous speaker remains ???; do not reveal a later identity. Scope includes related return/later protagonist states; not all messages belong to the first visit.
journey.00b8748c	＊「よくぞ　もどられた！<LF><TAB>$tどの！	"???: ""Welcome back, $t!"""	torneko,enemy_tipper	Independent translation from the pinned Japanese GBA source. Preserve mechanics, command parameters and shared pointer ownership. Anonymous speaker remains ???; do not reveal a later identity. Scope includes related return/later protagonist states; not all messages belong to the first visit.
journey.00b875a8	＊「ぐっすり　お休みでしたね。<LF><TAB>では　どうぞ　お気をつけて。	"???: ""You slept soundly. Take care on your travels."""		Independent translation from the pinned Japanese GBA source. Preserve mechanics, command parameters and shared pointer ownership. Anonymous speaker remains ???; do not reveal a later identity. Scope includes related return/later protagonist states; not all messages belong to the first visit.
journey.00b875e8	＊「では　ごゆっくりどうぞ。	"???: ""Make yourself comfortable."""		Independent translation from the pinned Japanese GBA source. Preserve mechanics, command parameters and shared pointer ownership. Anonymous speaker remains ???; do not reveal a later identity. Scope includes related return/later protagonist states; not all messages belong to the first visit.
journey.00b87608	＊「では　休みたくなったら<LF><TAB>また　いつでも　おこしくださいね。	"???: ""Come back any time you need a rest."""		Independent translation from the pinned Japanese GBA source. Preserve mechanics, command parameters and shared pointer ownership. Anonymous speaker remains ???; do not reveal a later identity. Scope includes related return/later protagonist states; not all messages belong to the first visit.
journey.00b87648	＊「ようこそ　旅のお方。<LF><TAB>こちらで　ひと休みされますか？	"???: ""Welcome, traveller. Would you like to rest here?"""		Independent translation from the pinned Japanese GBA source. Preserve mechanics, command parameters and shared pointer ownership. Anonymous speaker remains ???; do not reveal a later identity. Original Yes/No question meaning and parameters retained. Scope includes related return/later protagonist states; not all messages belong to the first visit.
journey.00b876c4	＊「よそ者の商人オヤジに<LF><TAB>寝どこを　とられちまったぜ。	"???: ""That merchant from out of town took my bed!"""		Independent translation from the pinned Japanese GBA source. Preserve mechanics, command parameters and shared pointer ownership. Anonymous speaker remains ???; do not reveal a later identity. Scope includes related return/later protagonist states; not all messages belong to the first visit.
journey.00b876fc	＊「久しぶりに　昼がやってきたから<LF><TAB>昼寝でも　しようと思ったのによ。	"???: ""Daylight at last! And here I was hoping to take a nap."""		Independent translation from the pinned Japanese GBA source. Preserve mechanics, command parameters and shared pointer ownership. Anonymous speaker remains ???; do not reveal a later identity. Scope includes related return/later protagonist states; not all messages belong to the first visit.
journey.00b8777c	＊「ぐお～　ぐお～！	"???: ""Snooore! Snooore!"""		Independent translation from the pinned Japanese GBA source. Preserve mechanics, command parameters and shared pointer ownership. Anonymous speaker remains ???; do not reveal a later identity. Scope includes related return/later protagonist states; not all messages belong to the first visit.
journey.00b8785c	＊「ありがとう　旅のお方。<LF><TAB>このご恩は　忘れません。	"???: ""Thank you, traveller. We will never forget your kindness."""		Independent translation from the pinned Japanese GBA source. Preserve mechanics, command parameters and shared pointer ownership. Anonymous speaker remains ???; do not reveal a later identity. Scope includes related return/later protagonist states; not all messages belong to the first visit.
journey.00b87894	＊「けれど　海竜さまの　聖なる炎が<LF><TAB>私たちに　暖かい光を<LF><TAB>とりもどしてくださいました。	"???: ""But the Sea Dragon's sacred flame has brought its warm light back to us."""	lore.sea_dragon,lore.sea_dragon_flame	Independent translation from the pinned Japanese GBA source. Preserve mechanics, command parameters and shared pointer ownership. Anonymous speaker remains ???; do not reveal a later identity. Scope includes related return/later protagonist states; not all messages belong to the first visit.
journey.00b878ec	＊「ここは　深い　深い　海の底。<LF><TAB>あの　まぶしい太陽の光も<LF><TAB>私たちのところまでは　届きません。	"???: ""We are deep, deep beneath the sea. Even the sun's bright rays cannot reach us."""		Independent translation from the pinned Japanese GBA source. Preserve mechanics, command parameters and shared pointer ownership. Anonymous speaker remains ???; do not reveal a later identity. Scope includes related return/later protagonist states; not all messages belong to the first visit.
journey.00b87994	＊「そのためには　毎日のトレーニングを<LF><TAB>欠かさないボクなのさっ。<LF><TAB>それ　イッチニ！　イッチニ！	"???: ""That's why I train every day without fail! One, two! One, two!"""		Independent translation from the pinned Japanese GBA source. Preserve mechanics, command parameters and shared pointer ownership. Anonymous speaker remains ???; do not reveal a later identity. Scope includes related return/later protagonist states; not all messages belong to the first visit.
journey.00b879f4	＊「そんな人と　冒険できたら<LF><TAB>楽しいだろうね。　ボクも<LF><TAB>いつか　仲間にしてもらいたいなあ。	"???: ""Adventuring with someone like that must be fun. I'd love to join them someday."""		Independent translation from the pinned Japanese GBA source. Preserve mechanics, command parameters and shared pointer ownership. Anonymous speaker remains ???; do not reveal a later identity. Scope includes related return/later protagonist states; not all messages belong to the first visit.
journey.00b87a50	＊「ねえ　旅の人なら　知らないかい？<LF><TAB>世界のどこかには　モンスターを<LF><TAB>仲間にできる　勇者がいるんだって！	"???: ""You're a traveller. Have you heard of a hero somewhere who can befriend monsters?"""		Independent translation from the pinned Japanese GBA source. Preserve mechanics, command parameters and shared pointer ownership. Anonymous speaker remains ???; do not reveal a later identity. Scope includes related return/later protagonist states; not all messages belong to the first visit.
journey.00b87abc	＊「やあ　こんにちは。<LF><TAB>ボクは　おばあさんに<LF><TAB>飼われてる　スライムさ。	"???: ""Hello! I'm the slime who lives with the old lady."""	enemy.slime	Independent translation from the pinned Japanese GBA source. Preserve mechanics, command parameters and shared pointer ownership. Anonymous speaker remains ???; do not reveal a later identity. Scope includes related return/later protagonist states; not all messages belong to the first visit.
journey.00b87b2c	＊「なんでも　その爪は<LF><TAB>ただ強いだけではなく　特別な<LF><TAB>魔法力を　持っているそうだ。	"???: ""They say those claws aren't just powerful. They also have special magical powers."""		Independent translation from the pinned Japanese GBA source. Preserve mechanics, command parameters and shared pointer ownership. Anonymous speaker remains ???; do not reveal a later identity. Scope includes related return/later protagonist states; not all messages belong to the first visit.
journey.00b87b80	＊「オレは　伝説の武器<LF><TAB>クロウアンドレアを　さがして<LF><TAB>旅を　している。	"???: ""I'm travelling in search of a legendary weapon: the Claw andrea."""	combined_item_045	Independent translation from the pinned Japanese GBA source. Preserve mechanics, command parameters and shared pointer ownership. Anonymous speaker remains ???; do not reveal a later identity. Scope includes related return/later protagonist states; not all messages belong to the first visit.
journey.00b87be8	＊「海底の家へ　ようこそ。<LF><TAB>長い夜が　明け<LF><TAB>目覚めたばかりの　神殿さ。	"???: ""Welcome to Undersea House. This temple has just awoken from a long, long night."""	place.journey.008731a4	Independent translation from the pinned Japanese GBA source. Preserve mechanics, command parameters and shared pointer ownership. Anonymous speaker remains ???; do not reveal a later identity. Scope includes related return/later protagonist states; not all messages belong to the first visit.
journey.00b87d00	＊「ありがとう　旅のお方。<LF><TAB>あなた方こそ　まことの　勇者ですわ。	"???: ""Thank you, travellers. You are true heroes."""		Independent translation from the pinned Japanese GBA source. Preserve mechanics, command parameters and shared pointer ownership. Anonymous speaker remains ???; do not reveal a later identity. Scope includes related return/later protagonist states; not all messages belong to the first visit.
journey.00b87d7c	＊「勇者を　目指して<LF><TAB>日夜　トレーニングを　欠かさない<LF><TAB>ボクなのさっ。	"???: ""I train day and night without fail, so I can become a hero!"""		Independent translation from the pinned Japanese GBA source. Preserve mechanics, command parameters and shared pointer ownership. Anonymous speaker remains ???; do not reveal a later identity. Scope includes related return/later protagonist states; not all messages belong to the first visit.
journey.00b87dc4	＊「やあ　こんにちは。<LF><TAB>ボクは　おばあさんに<LF><TAB>飼われてる　スライムだよ。	"???: ""Hello! I'm the slime who lives with the old lady."""	enemy.slime	Independent translation from the pinned Japanese GBA source. Preserve mechanics, command parameters and shared pointer ownership. Anonymous speaker remains ???; do not reveal a later identity. Scope includes related return/later protagonist states; not all messages belong to the first visit.
journey.00b92d68	この先はダンジョン<LF>南海の地下道　へ戻ります。<LF>よろしいでしょうか？	Return to the dungeon<LF>South Sea tunnel?	interface.dungeon.002	Independent translation from the pinned Japanese GBA source. Preserve mechanics, command parameters and shared pointer ownership. Original Yes/No question meaning and parameters retained. Scope includes related return/later protagonist states; not all messages belong to the first visit.
journey.00b92e3c	この先はダンジョン<LF>さんご礁の神殿　広間　へ進みます。<LF>よろしいでしょうか？	Continue into the dungeon<LF>Coral temple - Hall?	interface.dungeon.003	Independent translation from the pinned Japanese GBA source. Preserve mechanics, command parameters and shared pointer ownership. Original Yes/No question meaning and parameters retained. Scope includes related return/later protagonist states; not all messages belong to the first visit.
journey.00b92ef0	カベには　地図が　かけられている。<LF>しかし　この場所は<LF>地図には　描かれていないようだ。	A map hangs on the wall. However, this place doesn't seem to be marked on it.		Independent translation from the pinned Japanese GBA source. Preserve mechanics, command parameters and shared pointer ownership. Scope includes related return/later protagonist states; not all messages belong to the first visit.
journey.00b93018	＊「おお　神よ！<LF><TAB>この者に　聖なるご加護の<LF><TAB>あらんことを！	"???: ""O Lord! May your holy blessing be upon this traveller!"""		Independent translation from the pinned Japanese GBA source. Preserve mechanics, command parameters and shared pointer ownership. Anonymous speaker remains ???; do not reveal a later identity. Scope includes related return/later protagonist states; not all messages belong to the first visit.
journey.00b93054	＊「よくぞ　もどられた！<LF><TAB>$tどの！	"???: ""Welcome back, $t!"""	torneko,enemy_tipper	Independent translation from the pinned Japanese GBA source. Preserve mechanics, command parameters and shared pointer ownership. Anonymous speaker remains ???; do not reveal a later identity. Scope includes related return/later protagonist states; not all messages belong to the first visit.
journey.00b930d8	＊「なんでも　その剣をふりかざせば<LF><TAB>目に見えない敵に　究極のダメージを<LF><TAB>あたえられるらしい。	"???: ""They say a swing of that sword deals devastating damage to unseen enemies."""		Independent translation from the pinned Japanese GBA source. Preserve mechanics, command parameters and shared pointer ownership. Anonymous speaker remains ???; do not reveal a later identity. Scope includes related return/later protagonist states; not all messages belong to the first visit.
journey.00b93138	＊「オレは　伝説の武器<LF><TAB>シャドーブレイクを　さがして<LF><TAB>旅をしている。	"???: ""I'm travelling in search of a legendary weapon: the Shadow breaker."""	combined_item_040	Independent translation from the pinned Japanese GBA source. Preserve mechanics, command parameters and shared pointer ownership. Anonymous speaker remains ???; do not reveal a later identity. Scope includes related return/later protagonist states; not all messages belong to the first visit.
journey.00b931a0	＊「この店は　向かいにすんでる　ばあさんが<LF><TAB>ひとりで　やってるから<LF><TAB>昼間しか　開いてないぜ。	"???: ""The old lady across the way runs this shop alone. It's only open during the day."""		Independent translation from the pinned Japanese GBA source. Preserve mechanics, command parameters and shared pointer ownership. Anonymous speaker remains ???; do not reveal a later identity. Scope includes related return/later protagonist states; not all messages belong to the first visit.
journey.00b93248	＊「とりあえず　そこの店が　開くまで<LF><TAB>わたしの手もちの商品で<LF><TAB>商売させてもらいますよ。	"???: ""Until that shop opens, I'll do business with the goods I have on hand."""		Independent translation from the pinned Japanese GBA source. Preserve mechanics, command parameters and shared pointer ownership. Anonymous speaker remains ???; do not reveal a later identity. Scope includes related return/later protagonist states; not all messages belong to the first visit.
journey.00b932a0	＊「わたしは　この海の底が<LF><TAB>聖なる光で　満たされる時を<LF><TAB>もう　なん年も　待ちつづけています。	"???: ""I've waited for years for this seabed to be filled with holy light."""		Independent translation from the pinned Japanese GBA source. Preserve mechanics, command parameters and shared pointer ownership. Anonymous speaker remains ???; do not reveal a later identity. Scope includes related return/later protagonist states; not all messages belong to the first visit.
journey.00b93328	＊「すや　すや……。	"???: ""Zzz... Zzz..."""		Independent translation from the pinned Japanese GBA source. Preserve mechanics, command parameters and shared pointer ownership. Anonymous speaker remains ???; do not reveal a later identity. Scope includes related return/later protagonist states; not all messages belong to the first visit.
journey.00b933e8	＊「ぐっすり　お休みでしたね。<LF><TAB>では　どうぞ　お気をつけて。	"???: ""You slept soundly. Take care on your travels."""		Independent translation from the pinned Japanese GBA source. Preserve mechanics, command parameters and shared pointer ownership. Anonymous speaker remains ???; do not reveal a later identity. Scope includes related return/later protagonist states; not all messages belong to the first visit.
journey.00b93428	＊「では　ごゆっくりどうぞ。	"???: ""Make yourself comfortable."""		Independent translation from the pinned Japanese GBA source. Preserve mechanics, command parameters and shared pointer ownership. Anonymous speaker remains ???; do not reveal a later identity. Scope includes related return/later protagonist states; not all messages belong to the first visit.
journey.00b93448	＊「では　休みたくなったら<LF><TAB>また　いつでも　おこしくださいね。	"???: ""Come back any time you need a rest."""		Independent translation from the pinned Japanese GBA source. Preserve mechanics, command parameters and shared pointer ownership. Anonymous speaker remains ???; do not reveal a later identity. Scope includes related return/later protagonist states; not all messages belong to the first visit.
journey.00b93488	＊「ようこそ　旅のお方。<LF><TAB>こちらで　ひと休みされますか？	"???: ""Welcome, traveller. Would you like to rest here?"""		Independent translation from the pinned Japanese GBA source. Preserve mechanics, command parameters and shared pointer ownership. Anonymous speaker remains ???; do not reveal a later identity. Original Yes/No question meaning and parameters retained. Scope includes related return/later protagonist states; not all messages belong to the first visit.
journey.00b934e4	＊「きっと　この海底までもが<LF><TAB>聖なる光で　みたされるでしょう。	"???: ""Then surely even this seabed would be filled with holy light."""		Independent translation from the pinned Japanese GBA source. Preserve mechanics, command parameters and shared pointer ownership. Anonymous speaker remains ???; do not reveal a later identity. Scope includes related return/later protagonist states; not all messages belong to the first visit.
journey.00b93524	＊「でも　もし　海竜の灯台に<LF><TAB>神の炎が　ともったならば……	"???: ""But if the divine flame were lit in the Sea Dragon Lighthouse..."""	place.journey.00873198	Independent translation from the pinned Japanese GBA source. Preserve mechanics, command parameters and shared pointer ownership. Anonymous speaker remains ???; do not reveal a later identity. Scope includes related return/later protagonist states; not all messages belong to the first visit.
journey.00b93560	＊「ここは　深い　深い　海の底。<LF><TAB>あの　まぶしい太陽の光も<LF><TAB>私たちのところまでは　届きません。	"???: ""We are deep, deep beneath the sea. Even the sun's bright rays cannot reach us."""		Independent translation from the pinned Japanese GBA source. Preserve mechanics, command parameters and shared pointer ownership. Anonymous speaker remains ???; do not reveal a later identity. Scope includes related return/later protagonist states; not all messages belong to the first visit.
journey.00b936d0	＊「この店は　そこの家の　ばあさんが<LF><TAB>昼だけ　開けてるんだよ。<LF><TAB>残念だったな　ボウズ。	"???: ""The old lady in that house only opens the shop by day. Bad luck, lad."""		Independent translation from the pinned Japanese GBA source. Preserve mechanics, command parameters and shared pointer ownership. Anonymous speaker remains ???; do not reveal a later identity. Scope includes related return/later protagonist states; not all messages belong to the first visit.
journey.00b93728	＊「いや　まいったよ。<LF><TAB>どうしてか　わからないが<LF><TAB>ふたたび　夜になっちまって……。	"???: ""Well, this is a problem. For some reason, it's turned to night again..."""		Independent translation from the pinned Japanese GBA source. Preserve mechanics, command parameters and shared pointer ownership. Anonymous speaker remains ???; do not reveal a later identity. Scope includes related return/later protagonist states; not all messages belong to the first visit.
journey.00b937a4	＊「う～ん　う～ん<LF><TAB>ぐうぐう……。	"???: ""Mmm... Mmm... Zzz..."""		Independent translation from the pinned Japanese GBA source. Preserve mechanics, command parameters and shared pointer ownership. Anonymous speaker remains ???; do not reveal a later identity. Scope includes related return/later protagonist states; not all messages belong to the first visit.
journey.00b93878	＊「どうか　お気をつけて<LF><TAB>お帰りくださいまし。	"???: ""Please take care on your way back."""		Independent translation from the pinned Japanese GBA source. Preserve mechanics, command parameters and shared pointer ownership. Anonymous speaker remains ???; do not reveal a later identity. Scope includes related return/later protagonist states; not all messages belong to the first visit.
journey.00b938a8	＊「すこし　うなされていた　ようですね。<LF><TAB>無理もありませんわ。　この海底にも<LF><TAB>邪悪な息吹が　感じられますもの……。	"???: ""You had a restless sleep. No wonder... Even here, I can feel an evil presence."""		Independent translation from the pinned Japanese GBA source. Preserve mechanics, command parameters and shared pointer ownership. Anonymous speaker remains ???; do not reveal a later identity. Scope includes related return/later protagonist states; not all messages belong to the first visit.
journey.00b93954	＊「いったい　地上では<LF><TAB>どんな　おそろしいことが<LF><TAB>起きているのでしょう……。	"???: ""What terrible things could be happening on the surface...?"""		Independent translation from the pinned Japanese GBA source. Preserve mechanics, command parameters and shared pointer ownership. Anonymous speaker remains ???; do not reveal a later identity. Scope includes related return/later protagonist states; not all messages belong to the first visit.
journey.00b939a4	＊「しかし　あの　海竜さまの聖火が<LF><TAB>ふたたび　消えてしまうなんて……	"???: ""But to think the Sea Dragon's sacred flame has gone out again..."""	lore.sea_dragon,lore.sea_dragon_flame	Independent translation from the pinned Japanese GBA source. Preserve mechanics, command parameters and shared pointer ownership. Anonymous speaker remains ???; do not reveal a later identity. Scope includes related return/later protagonist states; not all messages belong to the first visit.
journey.00b939ec	＊「ここは　深い　深い　海の底。<LF><TAB>以前は　はるか地上　聖なる灯台の<LF><TAB>炎で　明るく　照らされておりました。	"???: ""Deep as we are beneath the sea, the holy lighthouse above once lit this place."""		Independent translation from the pinned Japanese GBA source. Preserve mechanics, command parameters and shared pointer ownership. Anonymous speaker remains ???; do not reveal a later identity. Scope includes related return/later protagonist states; not all messages belong to the first visit.
journey.00b93aa0	＊「よ～し　こうなったら　ボクが<LF><TAB>勇者になるぞ！　さあ　トレーニングだ<LF><TAB>イッチニ！　イッチニ！	"???: ""Right! Then I'll be the hero! Time to train! One, two! One, two!"""		Independent translation from the pinned Japanese GBA source. Preserve mechanics, command parameters and shared pointer ownership. Anonymous speaker remains ???; do not reveal a later identity. Scope includes related return/later protagonist states; not all messages belong to the first visit.
journey.00b93b00	＊「え？　キミが　モンスターを仲間に？<LF><TAB>ふ～ん……　勇者には　見えないなあ。	"???: ""Eh? You can befriend monsters? Hmm... You don't look like a hero to me."""		Independent translation from the pinned Japanese GBA source. Preserve mechanics, command parameters and shared pointer ownership. Anonymous speaker remains ???; do not reveal a later identity. Scope includes related return/later protagonist states; not all messages belong to the first visit.
journey.00b93b50	＊「ねえ　旅の人なら　知らないかい？<LF><TAB>世界のどこかには　モンスターを<LF><TAB>仲間にできる　勇者がいるんだって！	"???: ""You're a traveller. Have you heard of a hero somewhere who can befriend monsters?"""		Independent translation from the pinned Japanese GBA source. Preserve mechanics, command parameters and shared pointer ownership. Anonymous speaker remains ???; do not reveal a later identity. Scope includes related return/later protagonist states; not all messages belong to the first visit.
journey.00b93bbc	＊「やあ　こんにちは。<LF><TAB>ボクは　おばあさんに<LF><TAB>飼われてる　スライムさ。	"???: ""Hello! I'm the slime who lives with the old lady."""	enemy.slime	Independent translation from the pinned Japanese GBA source. Preserve mechanics, command parameters and shared pointer ownership. Anonymous speaker remains ???; do not reveal a later identity. Scope includes related return/later protagonist states; not all messages belong to the first visit.
journey.00b93c94	＊「おぬし　ルーラは　使えるか？<LF><TAB>こんなキケンな　場所は<LF><TAB>早く　立ち去った方がいいだろう。	"???: ""Can you use Zoom? You'd best leave this dangerous place at once."""	series_zoom	Independent translation from the pinned Japanese GBA source. Preserve mechanics, command parameters and shared pointer ownership. Anonymous speaker remains ???; do not reveal a later identity. Scope includes related return/later protagonist states; not all messages belong to the first visit.
journey.00b93cf0	＊「おそらく　海竜の灯台の聖火が<LF><TAB>消し去られたためか　この先は<LF><TAB>邪悪な波動がみちて　進めないのだ。	"???: ""The flame at Sea Dragon Lighthouse is out. Perhaps that's why evil blocks the way."""	place.journey.00873198	Independent translation from the pinned Japanese GBA source. Preserve mechanics, command parameters and shared pointer ownership. Anonymous speaker remains ???; do not reveal a later identity. Scope includes related return/later protagonist states; not all messages belong to the first visit. The extinguished flame is the suspected cause of the evil blocking progress, not asserted as confirmed.
journey.00b93d54	＊「悪いことは　言わん。<LF><TAB>来た道を　もどったほうがいいぞ。	"???: ""Take my advice. You'd be better off going back the way you came."""		Independent translation from the pinned Japanese GBA source. Preserve mechanics, command parameters and shared pointer ownership. Anonymous speaker remains ???; do not reveal a later identity. Scope includes related return/later protagonist states; not all messages belong to the first visit.
journey.00b9eacc	この先はダンジョン<LF>さんご礁の神殿　広間　へ戻ります。<LF>よろしいでしょうか？	Return to the dungeon<LF>Coral temple - Hall?	interface.dungeon.003	Independent translation from the pinned Japanese GBA source. Preserve mechanics, command parameters and shared pointer ownership. Original Yes/No question meaning and parameters retained. Scope includes related return/later protagonist states; not all messages belong to the first visit.
journey.00b9eba8	この先はダンジョン<LF>さんご礁の神殿　回廊　へ進みます。<LF>よろしいでしょうか？	Continue into the dungeon<LF>Coral temple - Corridors?	interface.dungeon.004	Independent translation from the pinned Japanese GBA source. Preserve mechanics, command parameters and shared pointer ownership. Original Yes/No question meaning and parameters retained. Scope includes related return/later protagonist states; not all messages belong to the first visit.
journey.00b9ed2c	この先はダンジョン<LF>さんご礁の神殿　回廊　へ戻ります。<LF>よろしいでしょうか？	Return to the dungeon<LF>Coral temple - Corridors?	interface.dungeon.004	Independent translation from the pinned Japanese GBA source. Preserve mechanics, command parameters and shared pointer ownership. Original Yes/No question meaning and parameters retained. Scope includes related return/later protagonist states; not all messages belong to the first visit.
journey.00b9ee28	この先はダンジョン<LF>海底山地　ふもと　へ進みます。<LF>よろしいでしょうか？	Continue into the dungeon<LF>Seabed mountain - Foothills?	interface.dungeon.005	Independent translation from the pinned Japanese GBA source. Preserve mechanics, command parameters and shared pointer ownership. Original Yes/No question meaning and parameters retained. Scope includes related return/later protagonist states; not all messages belong to the first visit.
journey.00b9eed8	＊「おお　神よ！<LF><TAB>この者に　聖なるご加護の<LF><TAB>あらんことを！	"???: ""O Lord! May your holy blessing be upon this traveller!"""		Independent translation from the pinned Japanese GBA source. Preserve mechanics, command parameters and shared pointer ownership. Anonymous speaker remains ???; do not reveal a later identity. Scope includes related return/later protagonist states; not all messages belong to the first visit.
journey.00b9ef14	＊「よくぞ　もどられた！<LF><TAB>$tどの！	"???: ""Welcome back, $t!"""	torneko,enemy_tipper	Independent translation from the pinned Japanese GBA source. Preserve mechanics, command parameters and shared pointer ownership. Anonymous speaker remains ???; do not reveal a later identity. Scope includes related return/later protagonist states; not all messages belong to the first visit.
journey.00b9efd0	＊「だ　だめだ！<LF><TAB>私のチカラでは　ビクともしない！	"???: ""N-no good! Even with all my strength, it won't budge!"""		Independent translation from the pinned Japanese GBA source. Preserve mechanics, command parameters and shared pointer ownership. Anonymous speaker remains ???; do not reveal a later identity. Scope includes related return/later protagonist states; not all messages belong to the first visit.
journey.00b9f004	＊「ぬ～～～～ん！！	"???: ""Hnnnngh!"""		Independent translation from the pinned Japanese GBA source. Preserve mechanics, command parameters and shared pointer ownership. Anonymous speaker remains ???; do not reveal a later identity. Scope includes related return/later protagonist states; not all messages belong to the first visit.
journey.00b9f17c	＊「わははははは～～！	"???: ""Wahahahaha!"""		Independent translation from the pinned Japanese GBA source. Preserve mechanics, command parameters and shared pointer ownership. Anonymous speaker remains ???; do not reveal a later identity. Scope includes related return/later protagonist states; not all messages belong to the first visit.
journey.00b9f194	＊「つ　ついに　オレのチカラが<LF><TAB>このトビラにも　とどいたか！	"???: ""At last! Even this door has yielded to my strength!"""		Independent translation from the pinned Japanese GBA source. Preserve mechanics, command parameters and shared pointer ownership. Anonymous speaker remains ???; do not reveal a later identity. Scope includes related return/later protagonist states; not all messages belong to the first visit.
journey.00b9f1d4	＊「おおっ！？	"???: ""Oh!?"""		Independent translation from the pinned Japanese GBA source. Preserve mechanics, command parameters and shared pointer ownership. Anonymous speaker remains ???; do not reveal a later identity. Scope includes related return/later protagonist states; not all messages belong to the first visit.
journey.00ba871c	この先はダンジョン<LF>海底山地　ふもと　へ戻ります。<LF>よろしいでしょうか？	Return to the dungeon<LF>Seabed mountain - Foothills?	interface.dungeon.005	Independent translation from the pinned Japanese GBA source. Preserve mechanics, command parameters and shared pointer ownership. Original Yes/No question meaning and parameters retained. Scope includes related return/later protagonist states; not all messages belong to the first visit.
journey.00ba87e4	この先はダンジョン<LF>海底山地　山頂部　へ進みます。<LF>よろしいでしょうか？	Continue into the dungeon<LF>Seabed mountain - Summit?	interface.dungeon.023	Independent translation from the pinned Japanese GBA source. Preserve mechanics, command parameters and shared pointer ownership. Original Yes/No question meaning and parameters retained. Scope includes related return/later protagonist states; not all messages belong to the first visit.
journey.00ba8934	＊「あなたに　神のご加護が<LF><TAB>ありますように……。	"???: ""May divine protection be with you..."""		Independent translation from the pinned Japanese GBA source. Preserve mechanics, command parameters and shared pointer ownership. Anonymous speaker remains ???; do not reveal a later identity. Scope includes related return/later protagonist states; not all messages belong to the first visit.
journey.00ba8968	＊「ああ　$tさん。<LF><TAB>よくぞ　もどられました。	"???: ""Ah, $t. Welcome back."""	torneko,enemy_tipper	Independent translation from the pinned Japanese GBA source. Preserve mechanics, command parameters and shared pointer ownership. Anonymous speaker remains ???; do not reveal a later identity. Scope includes related return/later protagonist states; not all messages belong to the first visit.
journey.00ba89d0	＊「私は　旅の尼。<LF><TAB>行く先々で　おこまりの方を<LF><TAB>お助けしております。	"???: ""I am a travelling nun. Wherever I go, I help those in need."""		Independent translation from the pinned Japanese GBA source. Preserve mechanics, command parameters and shared pointer ownership. Anonymous speaker remains ???; do not reveal a later identity. Scope includes related return/later protagonist states; not all messages belong to the first visit.
journey.00ba8ab0	ロサ「…な～んて　まさかな。<LF><TAB>オフクロも　オヤジも　10年以上昔に<LF><TAB>大嵐で　死んじまったんだから。	"Rosa: ""...Nah, no way. Mum and Dad both died in a terrible storm over ten years ago."""	enemy_rosa	Independent translation from the pinned Japanese GBA source. Preserve mechanics, command parameters and shared pointer ownership. Scope includes related return/later protagonist states; not all messages belong to the first visit. Retain each sibling's stated timing separately: over ten years ago versus just after their birth.
journey.00ba8b14	ロサ「あん？　ヴィオラって？<LF><TAB>そりゃ　オイラの　母さんの<LF><TAB>名前だぜ。	"Rosa: ""Huh? Viola? That's my mum's name."""	enemy_rosa,character.viola	Independent translation from the pinned Japanese GBA source. Preserve mechanics, command parameters and shared pointer ownership. Scope includes related return/later protagonist states; not all messages belong to the first visit.
journey.00ba8b5c	イネス「でも　まさかね。<LF><TAB>私の両親は　私とロサが生まれてすぐ<LF><TAB>大嵐にあって　亡くなったんですもの。	"Ines: ""It couldn't be. My parents died in a terrible storm just after Rosa and I were born."""	enemy_rosa,enemy_ines	Independent translation from the pinned Japanese GBA source. Preserve mechanics, command parameters and shared pointer ownership. Scope includes related return/later protagonist states; not all messages belong to the first visit. Retain each sibling's stated timing separately: over ten years ago versus just after their birth.
journey.00ba8bc0	イネス「……えっ？　ヴィオラ？<LF><TAB>それって　私の母と<LF><TAB>同じ　名前だわ。	"Ines: ""...What? Viola? That's the same name as my mother."""	enemy_ines,character.viola	Independent translation from the pinned Japanese GBA source. Preserve mechanics, command parameters and shared pointer ownership. Scope includes related return/later protagonist states; not all messages belong to the first visit.
journey.00ba8c08	＊「……ヴィオラさま……。	"???: ""...Lady Viola..."""	character.viola	Independent translation from the pinned Japanese GBA source. Preserve mechanics, command parameters and shared pointer ownership. Anonymous speaker remains ???; do not reveal a later identity. Scope includes related return/later protagonist states; not all messages belong to the first visit.
journey.00ba8c24	＊「う～ん　う～ん……。<LF><TAB>だめだ……　思い出せない……。	"???: ""Mmm... Mmm... No... I can't remember..."""		Independent translation from the pinned Japanese GBA source. Preserve mechanics, command parameters and shared pointer ownership. Anonymous speaker remains ???; do not reveal a later identity. Scope includes related return/later protagonist states; not all messages belong to the first visit.
journey.00ba8cb8	＊「その状態で　どうやって　ここまで<LF><TAB>たどりついたのやら。<LF><TAB>それは　さておき……	"???: ""How did he get all the way here in that state? Anyway..."""		Independent translation from the pinned Japanese GBA source. Preserve mechanics, command parameters and shared pointer ownership. Anonymous speaker remains ???; do not reveal a later identity. Scope includes related return/later protagonist states; not all messages belong to the first visit.
journey.00ba8d0c	＊「その人　お気の毒に<LF><TAB>記憶を失ってるみたいですよ。	"???: ""That poor man seems to have lost his memory."""		Independent translation from the pinned Japanese GBA source. Preserve mechanics, command parameters and shared pointer ownership. Anonymous speaker remains ???; do not reveal a later identity. Scope includes related return/later protagonist states; not all messages belong to the first visit.
journey.00ba8dbc	＊「なんでも　どうしても　探さなきゃ<LF><TAB>いけない人がいるとかで。<LF><TAB>それは　さておき……	"???: ""Apparently there's someone he simply must find. Anyway..."""		Independent translation from the pinned Japanese GBA source. Preserve mechanics, command parameters and shared pointer ownership. Anonymous speaker remains ???; do not reveal a later identity. Scope includes related return/later protagonist states; not all messages belong to the first visit.
journey.00ba8e14	＊「以前　ここに　病気で寝込んでいた人が<LF><TAB>いたんですが　すっかり回復して<LF><TAB>出て行きましたよ。	"???: ""A sick man was bedridden here before, but he made a full recovery and left."""		Independent translation from the pinned Japanese GBA source. Preserve mechanics, command parameters and shared pointer ownership. Anonymous speaker remains ???; do not reveal a later identity. Scope includes related return/later protagonist states; not all messages belong to the first visit.
journey.00c3f010	行き先	Destination	interface.journey.destination	Independent translation of the original Zoom picker UI. Existing $m0 substitution receives the native bounded place-name copy; choice semantics remain unchanged. Full Destination measures 53px in font 0; use Go to (26px) in the native 32px heading window. No window/code expansion.
journey.00c3f018	$m0<LF>にルーラしますか？	Zoom to<LF>$m0?	series_zoom	Independent translation of the original Zoom picker UI. Existing $m0 substitution receives the native bounded place-name copy; choice semantics remain unchanged.
