id	family	japanese	full_english	display	glossary_references	wording_status	notes
tutorial.001b47ea	tutorial	装備すると攻撃力が上がるぞ。<CR>$wＢボタンでメニューを開き<CR>「道具」コマンドで装備しよう！<CR>	Equip this to raise Attack!$wPress B to open the menu, then choose Items to equip it.		interface.action.005,interface.action.027	project_prose_existing_glossary_stems	Independently translated from the pinned Japanese. Existing glossary identities reused; gameplay/effect prose is project wording. Native queue/history limits checked separately from natural scenario coverage. Retain the single $w pause between explanation and instructions.
tutorial.001b4839	tutorial	これを食べるとお腹がふくれるぞ。<CR>$wお腹が減ったら<CR>Ｂボタンでメニューを開き<CR>「食べる」コマンドで食べよう！	Eat this to restore fullness!$wWhen hungry, press B to open the menu and choose Eat.		fullness,interface.action.034	project_prose_existing_glossary_stems	Independently translated from the pinned Japanese. Existing glossary identities reused; gameplay/effect prose is project wording. Native queue/history limits checked separately from natural scenario coverage. Retain the single $w pause between explanation and instructions.
tutorial.001b4891	tutorial	装備すると攻撃力が上がるぞ。<CR>$wＢボタンでメニューを開き<CR>「道具」コマンドで装備しよう！<CR>	Equip this to raise Attack!$wPress B to open the menu, then choose Items to equip it.		interface.action.005,interface.action.027	project_prose_existing_glossary_stems	Independently translated from the pinned Japanese. Existing glossary identities reused; gameplay/effect prose is project wording. Native queue/history limits checked separately from natural scenario coverage. Retain the single $w pause between explanation and instructions.
tutorial.001b48e0	tutorial	装備すると防御力が上がるぞ。<CR>$wＢボタンでメニューを開き<CR>「道具」コマンドで装備しよう！<CR>	Equip this to raise Defence!$wPress B to open the menu, then choose Items to equip it.		defence,interface.action.027	project_prose_existing_glossary_stems	Independently translated from the pinned Japanese. Existing glossary identities reused; gameplay/effect prose is project wording. Native queue/history limits checked separately from natural scenario coverage. Retain the single $w pause between explanation and instructions.
tutorial.001b492f	tutorial	「押す」とHPを回復できるぞ。<CR>$wHPが減ってしまったら<CR>Ｂボタンでメニューを開き<CR>「道具」コマンドで使っておこう！	Choose Press to restore HP!$wWhen HP is low, press B to open the menu and use it from Items.		hp	project_prose_existing_glossary_stems	Independently translated from the pinned Japanese. Existing glossary identities reused; gameplay/effect prose is project wording. Native queue/history limits checked separately from natural scenario coverage. Retain the single $w pause between explanation and instructions.
tutorial.001b498d	tutorial	これを飲むと　となりに火を吐いて<CR>攻撃することができるぞ！<CR>$wＳＴＡＲＴボタンや十字ボタンを押して<CR>モンスターの方向を向いてから飲もう！	Drink this to breathe fire at an adjacent monster!$wFace the monster with START or the +Control Pad, then drink it.		interface.action.033	project_prose_existing_glossary_stems	Independently translated from the pinned Japanese. Existing glossary identities reused; gameplay/effect prose is project wording. Native queue/history limits checked separately from natural scenario coverage. Retain the single $w pause between explanation and instructions.
tutorial.001b49f5	tutorial	これをモンスターに投げ当てると<CR>眠らせることができるぞ！<CR>$wＳＴＡＲＴボタンや十字ボタンを押して<CR>モンスターの方向を向いてから投げよう！	Throw this at a monster to put it to sleep!$wFace the monster with START or the +Control Pad, then throw it.			project_prose_existing_glossary_stems	Independently translated from the pinned Japanese. Existing glossary identities reused; gameplay/effect prose is project wording. Native queue/history limits checked separately from natural scenario coverage. Retain the single $w pause between explanation and instructions.
tutorial.001b4a61	tutorial	これを飲むと　いっしゅんで違う場所に<CR>移動できるぞ！<CR>$wモンスターにかこまれてしまったときは<CR>これを飲んで逃げよう！	Drink this to warp to another spot instantly!$wDrink it to escape when monsters surround you!		interface.action.033	project_prose_existing_glossary_stems	Independently translated from the pinned Japanese. Existing glossary identities reused; gameplay/effect prose is project wording. Native queue/history limits checked separately from natural scenario coverage. Retain the single $w pause between explanation and instructions.
tutorial.001b4ab5	tutorial	これを飲むと　毒で減ったちからを<CR>回復できるぞ！<CR>$wちからが減ったら飲んでおくといいぞ！	Drink this to restore strength lost to poison!$wUse it when your strength has fallen.		interface.action.033	project_prose_existing_glossary_stems	Independently translated from the pinned Japanese. Existing glossary identities reused; gameplay/effect prose is project wording. Native queue/history limits checked separately from natural scenario coverage. Retain the single $w pause between explanation and instructions.
tutorial.001b5021	joined_damage	痛恨の一撃！$m0から	Brutal blow! $m0:			project_prose_existing_glossary_stems	Independently translated from the pinned Japanese. Existing glossary identities reused; gameplay/effect prose is project wording. Native queue/history limits checked separately from natural scenario coverage. Leading ! is a history continuation control, never a visible exclamation mark.
tutorial.001b5032	joined_damage	$m0から	$m0:			project_prose_existing_glossary_stems	Independently translated from the pinned Japanese. Existing glossary identities reused; gameplay/effect prose is project wording. Native queue/history limits checked separately from natural scenario coverage. Leading ! is a history continuation control, never a visible exclamation mark.
tutorial.001b5038	joined_damage	!会心の一撃！$m1は<CR>$d0ダメージ受けた。	!Critical hit! $m1<LF>takes $d0 damage.			project_prose_existing_glossary_stems	Independently translated from the pinned Japanese. Existing glossary identities reused; gameplay/effect prose is project wording. Native queue/history limits checked separately from natural scenario coverage. Leading ! is a history continuation control, never a visible exclamation mark.
tutorial.001b505b	joined_damage	!痛恨の一撃！$m1は<CR>$d0ダメージ受けた。	!Brutal blow! $m1<LF>takes $d0 damage.			project_prose_existing_glossary_stems	Independently translated from the pinned Japanese. Existing glossary identities reused; gameplay/effect prose is project wording. Native queue/history limits checked separately from natural scenario coverage. Leading ! is a history continuation control, never a visible exclamation mark.
tutorial.001b507e	joined_damage	!$m1は $d0ダメージ受けた。	!$m1 takes<LF>$d0 damage.			project_prose_existing_glossary_stems	Independently translated from the pinned Japanese. Existing glossary identities reused; gameplay/effect prose is project wording. Native queue/history limits checked separately from natural scenario coverage. Leading ! is a history continuation control, never a visible exclamation mark.
tutorial.001b5096	message	装備している盾が 威力をはね返した！	The equipped shield reflected the damage!		interface.action.027	project_prose_existing_glossary_stems	Independently translated from the pinned Japanese. Existing glossary identities reused; gameplay/effect prose is project wording. Native queue/history limits checked separately from natural scenario coverage.
tutorial.001b50b1	message	$m0は 様子を見ている…。	$m0 waits and watches...			project_prose_existing_glossary_stems	Independently translated from the pinned Japanese. Existing glossary identities reused; gameplay/effect prose is project wording. Native queue/history limits checked separately from natural scenario coverage.
tutorial.001b50c5	message	$m0だ！	It's $m0!			project_prose_existing_glossary_stems	Independently translated from the pinned Japanese. Existing glossary identities reused; gameplay/effect prose is project wording. Native queue/history limits checked separately from natural scenario coverage.
tutorial.001b50cd	message	なんと！どこからともなくモンスターが現れた！	A monster appeared out of nowhere!			project_prose_existing_glossary_stems	Independently translated from the pinned Japanese. Existing glossary identities reused; gameplay/effect prose is project wording. Native queue/history limits checked separately from natural scenario coverage.
tutorial.001b50ee	message	$tは　お店に<CR>足をふみ入れた。	$t entered the shop.			project_prose_existing_glossary_stems	Independently translated from the pinned Japanese. Existing glossary identities reused; gameplay/effect prose is project wording. Native queue/history limits checked separately from natural scenario coverage.
tutorial.001b5104	message	$tは　お店から出た。	$t left the shop.			project_prose_existing_glossary_stems	Independently translated from the pinned Japanese. Existing glossary identities reused; gameplay/effect prose is project wording. Native queue/history limits checked separately from natural scenario coverage.
tutorial.001b5114	message	$m0は 目を覚ました。	$m0 woke up.			project_prose_existing_glossary_stems	Independently translated from the pinned Japanese. Existing glossary identities reused; gameplay/effect prose is project wording. Native queue/history limits checked separately from natural scenario coverage.
tutorial.001b5124	object	物体	objects			project_prose_existing_glossary_stems	Independently translated from the pinned Japanese. Existing glossary identities reused; gameplay/effect prose is project wording. Native queue/history limits checked separately from natural scenario coverage.
tutorial.001b5129	object	アイテム	items			project_prose_existing_glossary_stems	Independently translated from the pinned Japanese. Existing glossary identities reused; gameplay/effect prose is project wording. Native queue/history limits checked separately from natural scenario coverage.
tutorial.001b5132	object	石像	statues			project_prose_existing_glossary_stems	Independently translated from the pinned Japanese. Existing glossary identities reused; gameplay/effect prose is project wording. Native queue/history limits checked separately from natural scenario coverage.
tutorial.001b5137	object	アイテムや石像	items and statues			project_prose_existing_glossary_stems	Independently translated from the pinned Japanese. Existing glossary identities reused; gameplay/effect prose is project wording. Native queue/history limits checked separately from natural scenario coverage.
tutorial.001b5145	object	お墓	graves		combined_item_349	project_prose_existing_glossary_stems	Independently translated from the pinned Japanese. Existing glossary identities reused; gameplay/effect prose is project wording. Native queue/history limits checked separately from natural scenario coverage.
tutorial.001b5149	object	アイテムやお墓	items and graves		combined_item_349	project_prose_existing_glossary_stems	Independently translated from the pinned Japanese. Existing glossary identities reused; gameplay/effect prose is project wording. Native queue/history limits checked separately from natural scenario coverage.
tutorial.001b5156	object	アイテムや石像	items and statues			project_prose_existing_glossary_stems	Independently translated from the pinned Japanese. Existing glossary identities reused; gameplay/effect prose is project wording. Native queue/history limits checked separately from natural scenario coverage.
tutorial.001b5164	object	石像などのもの	statues and other objects			project_prose_existing_glossary_stems	Independently translated from the pinned Japanese. Existing glossary identities reused; gameplay/effect prose is project wording. Native queue/history limits checked separately from natural scenario coverage.
tutorial.001b516f	message	$i0は 祝福から$/084普通に戻った。	$i0 is no longer blessed.			project_prose_existing_glossary_stems	Independently translated from the pinned Japanese. Existing glossary identities reused; gameplay/effect prose is project wording. Native queue/history limits checked separately from natural scenario coverage.
tutorial.001b518c	message	いくつかのアイテムは 祝福から<CR>普通に戻った。	Some items are no longer blessed.			project_prose_existing_glossary_stems	Independently translated from the pinned Japanese. Existing glossary identities reused; gameplay/effect prose is project wording. Native queue/history limits checked separately from natural scenario coverage.
tutorial.001b5b85	message	$m0は ちからが半減した。	$m0's strength was halved.			project_prose_existing_glossary_stems	Independently translated from the pinned Japanese. Existing glossary identities reused; gameplay/effect prose is project wording. Native queue/history limits checked separately from natural scenario coverage.
tutorial.001b5b98	message	$m0は ちからが弱まった！	$m0's strength fell!			project_prose_existing_glossary_stems	Independently translated from the pinned Japanese. Existing glossary identities reused; gameplay/effect prose is project wording. Native queue/history limits checked separately from natural scenario coverage.
tutorial.001b5bab	message	$m0は ちからがかなり弱まった！	$m0's strength fell greatly!			project_prose_existing_glossary_stems	Independently translated from the pinned Japanese. Existing glossary identities reused; gameplay/effect prose is project wording. Native queue/history limits checked separately from natural scenario coverage.
tutorial.001b5ebf	message	$i2は 不発した。	$i2 failed to work.			project_prose_existing_glossary_stems	Independently translated from the pinned Japanese. Existing glossary identities reused; gameplay/effect prose is project wording. Native queue/history limits checked separately from natural scenario coverage.
tutorial.001b6002	message	$i3が$m0の<CR>魔法を消し去った！	$i3 cancelled<LF>$m0's magic!			project_prose_existing_glossary_stems	Independently translated from the pinned Japanese. Existing glossary identities reused; gameplay/effect prose is project wording. Native queue/history limits checked separately from natural scenario coverage.
tutorial.001b601c	message	$i3が$m0への<CR>魔法の効果を消し去った！	$i3 cancelled the magic affecting $m0!			project_prose_existing_glossary_stems	Independently translated from the pinned Japanese. Existing glossary identities reused; gameplay/effect prose is project wording. Native queue/history limits checked separately from natural scenario coverage.
tutorial.001b603c	message	$m0は マホトーンされている！	$m0 is under Fizzle!		spell.fizzle	project_prose_existing_glossary_stems	Independently translated from the pinned Japanese. Existing glossary identities reused; gameplay/effect prose is project wording. Native queue/history limits checked separately from natural scenario coverage.
tutorial.001b6053	message	$m1は 魔法を封じた！	$m1 sealed the magic!			project_prose_existing_glossary_stems	Independently translated from the pinned Japanese. Existing glossary identities reused; gameplay/effect prose is project wording. Native queue/history limits checked separately from natural scenario coverage.
tutorial.001b6065	message	魔法は 指輪によって封じられた！	The ring sealed the magic!			project_prose_existing_glossary_stems	Independently translated from the pinned Japanese. Existing glossary identities reused; gameplay/effect prose is project wording. Native queue/history limits checked separately from natural scenario coverage.
tutorial.001b607e	message	$i3が$m0の<CR>投げたアイテムの効果を消し去った！	$i3 cancelled the effect of $m0's thrown item!			project_prose_existing_glossary_stems	Independently translated from the pinned Japanese. Existing glossary identities reused; gameplay/effect prose is project wording. Native queue/history limits checked separately from natural scenario coverage.
tutorial.001b60a6	message	$i3が$m0に<CR>当たったアイテムの効果を消し去った！	$i3 cancelled the item effect on $m0!			project_prose_existing_glossary_stems	Independently translated from the pinned Japanese. Existing glossary identities reused; gameplay/effect prose is project wording. Native queue/history limits checked separately from natural scenario coverage.
tutorial.001b60cf	message	$i3が$m0の<CR>発射したアイテムの効果を消し去った！	$i3 cancelled the effect of $m0's fired item!		interface.action.026	project_prose_existing_glossary_stems	Independently translated from the pinned Japanese. Existing glossary identities reused; gameplay/effect prose is project wording. Native queue/history limits checked separately from natural scenario coverage.
tutorial.001b65cf	message	足元の石につまづいた！	Tripped over a stone underfoot!		combined_item_128	project_prose_existing_glossary_stems	Independently translated from the pinned Japanese. Existing glossary identities reused; gameplay/effect prose is project wording. Native queue/history limits checked separately from natural scenario coverage.
tutorial.001b65e0	message	石がでっぱっている！	A stone sticks out of the ground!		combined_item_128	project_prose_existing_glossary_stems	Independently translated from the pinned Japanese. Existing glossary identities reused; gameplay/effect prose is project wording. Native queue/history limits checked separately from natural scenario coverage.
tutorial.001b65f2	message	何か変なものが降ってきた！	Something strange rained down!			project_prose_existing_glossary_stems	Independently translated from the pinned Japanese. Existing glossary identities reused; gameplay/effect prose is project wording. Native queue/history limits checked separately from natural scenario coverage.
tutorial.001b6606	message	足元で何かが うごめいた！	Something stirred underfoot!			project_prose_existing_glossary_stems	Independently translated from the pinned Japanese. Existing glossary identities reused; gameplay/effect prose is project wording. Native queue/history limits checked separately from natural scenario coverage.
tutorial.001b661b	message	何かがうごめいた！	Something stirred!			project_prose_existing_glossary_stems	Independently translated from the pinned Japanese. Existing glossary identities reused; gameplay/effect prose is project wording. Native queue/history limits checked separately from natural scenario coverage.
tutorial.001b6629	message	キタナイものがふき出した！	Something filthy gushed out!			project_prose_existing_glossary_stems	Independently translated from the pinned Japanese. Existing glossary identities reused; gameplay/effect prose is project wording. Native queue/history limits checked separately from natural scenario coverage.
tutorial.001b663e	message	落とし穴があった！	There was a pitfall!		interface.trap.005	project_prose_existing_glossary_stems	Independently translated from the pinned Japanese. Existing glossary identities reused; gameplay/effect prose is project wording. Native queue/history limits checked separately from natural scenario coverage.
tutorial.001b664d	message	ワープのワナをふんだ！	Stepped on a warp trap!		interface.action.008,interface.trap.006	project_prose_existing_glossary_stems	Independently translated from the pinned Japanese. Existing glossary identities reused; gameplay/effect prose is project wording. Native queue/history limits checked separately from natural scenario coverage.
tutorial.001b6660	message	ワープのワナがあった！	There was a warp trap!		interface.action.008,interface.trap.006	project_prose_existing_glossary_stems	Independently translated from the pinned Japanese. Existing glossary identities reused; gameplay/effect prose is project wording. Native queue/history limits checked separately from natural scenario coverage.
tutorial.001b6674	message	$i0が飛んできた！	$i0 came flying!			project_prose_existing_glossary_stems	Independently translated from the pinned Japanese. Existing glossary identities reused; gameplay/effect prose is project wording. Native queue/history limits checked separately from natural scenario coverage.
tutorial.001b6683	message	$i0が飛んできた！	$i0 came flying!			project_prose_existing_glossary_stems	Independently translated from the pinned Japanese. Existing glossary identities reused; gameplay/effect prose is project wording. Native queue/history limits checked separately from natural scenario coverage.
tutorial.001b6692	message	回転盤をふんだ！	Stepped on a spinning tile!		interface.trap.008	project_prose_existing_glossary_stems	Independently translated from the pinned Japanese. Existing glossary identities reused; gameplay/effect prose is project wording. Native queue/history limits checked separately from natural scenario coverage.
tutorial.001b66a0	message	回転盤があった！	There was a spinning tile!		interface.trap.008	project_prose_existing_glossary_stems	Independently translated from the pinned Japanese. Existing glossary identities reused; gameplay/effect prose is project wording. Native queue/history limits checked separately from natural scenario coverage.
tutorial.001b66af	message	睡眠ガスが発生！	Sleeping gas billowed out!			project_prose_existing_glossary_stems	Independently translated from the pinned Japanese. Existing glossary identities reused; gameplay/effect prose is project wording. Native queue/history limits checked separately from natural scenario coverage.
tutorial.001b66c0	message	変なものをふんだ！	Stepped on something strange!			project_prose_existing_glossary_stems	Independently translated from the pinned Japanese. Existing glossary identities reused; gameplay/effect prose is project wording. Native queue/history limits checked separately from natural scenario coverage.
tutorial.001b66cd	message	変なものがあった！	There was something strange!			project_prose_existing_glossary_stems	Independently translated from the pinned Japanese. Existing glossary identities reused; gameplay/effect prose is project wording. Native queue/history limits checked separately from natural scenario coverage.
tutorial.001b66db	message	変なスイッチをふんだ！	Stepped on a strange switch!			project_prose_existing_glossary_stems	Independently translated from the pinned Japanese. Existing glossary identities reused; gameplay/effect prose is project wording. Native queue/history limits checked separately from natural scenario coverage.
tutorial.001b66ee	message	変なスイッチが作動した！	A strange switch went off!			project_prose_existing_glossary_stems	Independently translated from the pinned Japanese. Existing glossary identities reused; gameplay/effect prose is project wording. Native queue/history limits checked separately from natural scenario coverage.
tutorial.001b6704	message	$i0が飛んできた！	$i0 came flying!			project_prose_existing_glossary_stems	Independently translated from the pinned Japanese. Existing glossary identities reused; gameplay/effect prose is project wording. Native queue/history limits checked separately from natural scenario coverage.
tutorial.001b6713	message	$i0が飛んできた！	$i0 came flying!			project_prose_existing_glossary_stems	Independently translated from the pinned Japanese. Existing glossary identities reused; gameplay/effect prose is project wording. Native queue/history limits checked separately from natural scenario coverage.
tutorial.001b6722	message	足元の地雷が爆発した！	A land mine exploded underfoot!		interface.trap.013	project_prose_existing_glossary_stems	Independently translated from the pinned Japanese. Existing glossary identities reused; gameplay/effect prose is project wording. Native queue/history limits checked separately from natural scenario coverage.
tutorial.001b6736	message	地雷が爆発した！	A land mine exploded!		interface.trap.013	project_prose_existing_glossary_stems	Independently translated from the pinned Japanese. Existing glossary identities reused; gameplay/effect prose is project wording. Native queue/history limits checked separately from natural scenario coverage.
tutorial.001b6745	message	足元の大型地雷が爆発した！	A large land mine exploded underfoot!		interface.trap.013,interface.trap.014	project_prose_existing_glossary_stems	Independently translated from the pinned Japanese. Existing glossary identities reused; gameplay/effect prose is project wording. Native queue/history limits checked separately from natural scenario coverage.
tutorial.001b675d	message	大型地雷が爆発した！	A large land mine exploded!		interface.trap.013,interface.trap.014	project_prose_existing_glossary_stems	Independently translated from the pinned Japanese. Existing glossary identities reused; gameplay/effect prose is project wording. Native queue/history limits checked separately from natural scenario coverage.
tutorial.001b6770	message	おかしなスイッチをふんだ！	Stepped on an odd switch!			project_prose_existing_glossary_stems	Independently translated from the pinned Japanese. Existing glossary identities reused; gameplay/effect prose is project wording. Native queue/history limits checked separately from natural scenario coverage.
tutorial.001b6784	message	弱化のワナだ！	It's a weakening trap!		interface.action.008,interface.trap.015	project_prose_existing_glossary_stems	Independently translated from the pinned Japanese. Existing glossary identities reused; gameplay/effect prose is project wording. Native queue/history limits checked separately from natural scenario coverage.
tutorial.001b6792	message	大きな岩が落ちてきた！	A huge rock came falling down!		combined_item_131	project_prose_existing_glossary_stems	Independently translated from the pinned Japanese. Existing glossary identities reused; gameplay/effect prose is project wording. Native queue/history limits checked separately from natural scenario coverage.
tutorial.001b67a3	message	$i0が飛んできた！	$i0 came flying!			project_prose_existing_glossary_stems	Independently translated from the pinned Japanese. Existing glossary identities reused; gameplay/effect prose is project wording. Native queue/history limits checked separately from natural scenario coverage.
tutorial.001b67b2	message	$i0が飛んできた！	$i0 came flying!			project_prose_existing_glossary_stems	Independently translated from the pinned Japanese. Existing glossary identities reused; gameplay/effect prose is project wording. Native queue/history limits checked separately from natural scenario coverage.
tutorial.001b67c1	message	あやしい霧が あたりをつつんだ！	A strange mist filled the area!			project_prose_existing_glossary_stems	Independently translated from the pinned Japanese. Existing glossary identities reused; gameplay/effect prose is project wording. Native queue/history limits checked separately from natural scenario coverage.
tutorial.001b67d6	message	なんだか分からないワナが作動した！	An unknown trap went off!		interface.action.008	project_prose_existing_glossary_stems	Independently translated from the pinned Japanese. Existing glossary identities reused; gameplay/effect prose is project wording. Native queue/history limits checked separately from natural scenario coverage.
tutorial.001b67f0	message	何かワナをふんだ！	Stepped on a trap!		interface.action.008	project_prose_existing_glossary_stems	Independently translated from the pinned Japanese. Existing glossary identities reused; gameplay/effect prose is project wording. Native queue/history limits checked separately from natural scenario coverage.
tutorial.001b67ff	message	しかし ワナは動かなかった。	But the trap did not go off.		interface.action.008	project_prose_existing_glossary_stems	Independently translated from the pinned Japanese. Existing glossary identities reused; gameplay/effect prose is project wording. Native queue/history limits checked separately from natural scenario coverage.
tutorial.001b6813	message	$i0には効果がなかった。	It had no effect on $i0.			project_prose_existing_glossary_stems	Independently translated from the pinned Japanese. Existing glossary identities reused; gameplay/effect prose is project wording. Native queue/history limits checked separately from natural scenario coverage.
tutorial.001b6826	message	お墓には効果がなかった。	It had no effect on the grave.		combined_item_349	project_prose_existing_glossary_stems	Independently translated from the pinned Japanese. Existing glossary identities reused; gameplay/effect prose is project wording. Native queue/history limits checked separately from natural scenario coverage.
tutorial.001b6839	message	封印されるアイテムを持っていなかった。	There were no items to seal.			project_prose_existing_glossary_stems	Independently translated from the pinned Japanese. Existing glossary identities reused; gameplay/effect prose is project wording. Native queue/history limits checked separately from natural scenario coverage.
tutorial.001b6857	message	持っているアイテムは封印されなかった。	The carried items were not sealed.		mechanic.sealed	project_prose_existing_glossary_stems	Independently translated from the pinned Japanese. Existing glossary identities reused; gameplay/effect prose is project wording. Native queue/history limits checked separately from natural scenario coverage.
tutorial.001b6875	message	$i0の いくつかの<CR>特別な効果が 封印された！	Some special effects of<LF>$i0 were sealed!		mechanic.sealed	project_prose_existing_glossary_stems	Independently translated from the pinned Japanese. Existing glossary identities reused; gameplay/effect prose is project wording. Native queue/history limits checked separately from natural scenario coverage.
tutorial.001b6896	message	$i0の<CR>特別な効果が 封印された！	The special effects of<LF>$i0 were sealed!		mechanic.sealed	project_prose_existing_glossary_stems	Independently translated from the pinned Japanese. Existing glossary identities reused; gameplay/effect prose is project wording. Native queue/history limits checked separately from natural scenario coverage.
tutorial.001b68b1	message	$m1は空振り状態になった。	$m1 is now whiffing.		core.whiffing	project_prose_existing_glossary_stems	Independently translated from the pinned Japanese. Existing glossary identities reused; gameplay/effect prose is project wording. Native queue/history limits checked separately from natural scenario coverage.
tutorial.001b68c6	message	$m0は 不思議な踊りを踊った！	$m0 performs Weird Dance!		ability.weird_dance	project_prose_existing_glossary_stems	Independently translated from the pinned Japanese. Existing glossary identities reused; gameplay/effect prose is project wording. Native queue/history limits checked separately from natural scenario coverage.
tutorial.001b68de	message	$m1は レベルが下がった。	$m1's level fell.			project_prose_existing_glossary_stems	Independently translated from the pinned Japanese. Existing glossary identities reused; gameplay/effect prose is project wording. Native queue/history limits checked separately from natural scenario coverage.
tutorial.001b68f5	message	しかし 何も起こらなかった。	But nothing happened.			project_prose_existing_glossary_stems	Independently translated from the pinned Japanese. Existing glossary identities reused; gameplay/effect prose is project wording. Native queue/history limits checked separately from natural scenario coverage.
tutorial.001b6908	message	$m1は 指輪の効果で<CR>レベルが下がらなかった。	The ring stopped<LF>$m1's level from falling.			project_prose_existing_glossary_stems	Independently translated from the pinned Japanese. Existing glossary identities reused; gameplay/effect prose is project wording. Native queue/history limits checked separately from natural scenario coverage.
tutorial.001b692e	message	$m0は ワナを作りなおした！	$m0 remade a trap!		interface.action.008	project_prose_existing_glossary_stems	Independently translated from the pinned Japanese. Existing glossary identities reused; gameplay/effect prose is project wording. Native queue/history limits checked separately from natural scenario coverage.
tutorial.001b6942	message	$m0は ワナを作った！	$m0 made a trap!		interface.action.008	project_prose_existing_glossary_stems	Independently translated from the pinned Japanese. Existing glossary identities reused; gameplay/effect prose is project wording. Native queue/history limits checked separately from natural scenario coverage.
tutorial.001b6954	message	ここにはワナは作れない。	A trap cannot be made here.		interface.action.008	project_prose_existing_glossary_stems	Independently translated from the pinned Japanese. Existing glossary identities reused; gameplay/effect prose is project wording. Native queue/history limits checked separately from natural scenario coverage.
tutorial.001b6965	message	$m1のちからの最大値が$d0下がった。	$m1's maximum strength fell by $d0.			project_prose_existing_glossary_stems	Independently translated from the pinned Japanese. Existing glossary identities reused; gameplay/effect prose is project wording. Native queue/history limits checked separately from natural scenario coverage.
tutorial.001b6982	message	$m1のちからが 半減した。	$m1's strength was halved.			project_prose_existing_glossary_stems	Independently translated from the pinned Japanese. Existing glossary identities reused; gameplay/effect prose is project wording. Native queue/history limits checked separately from natural scenario coverage.
tutorial.001b6995	message	$m1のちからはもう下がらない！	$m1's strength cannot fall any further!			project_prose_existing_glossary_stems	Independently translated from the pinned Japanese. Existing glossary identities reused; gameplay/effect prose is project wording. Native queue/history limits checked separately from natural scenario coverage.
tutorial.001b69a9	message	$m1は 指輪の効果で<CR>ちからが下がらなかった。	The ring stopped<LF>$m1's strength from falling.			project_prose_existing_glossary_stems	Independently translated from the pinned Japanese. Existing glossary identities reused; gameplay/effect prose is project wording. Native queue/history limits checked separately from natural scenario coverage.
tutorial.001b69cc	message	$m1は パンの効果で<CR>ちからが下がらなかった。	The bread stopped<LF>$m1's strength from falling.		bread	project_prose_existing_glossary_stems	Independently translated from the pinned Japanese. Existing glossary identities reused; gameplay/effect prose is project wording. Native queue/history limits checked separately from natural scenario coverage.
tutorial.001b69ef	message	$m1は 草の効果で<CR>ちからが下がらなかった。	The herb stopped<LF>$m1's strength from falling.			project_prose_existing_glossary_stems	Independently translated from the pinned Japanese. Existing glossary identities reused; gameplay/effect prose is project wording. Native queue/history limits checked separately from natural scenario coverage.
tutorial.001b6a10	message	$m1の最大HPが$d0下がった。	$m1's maximum HP fell by $d0.		hp	project_prose_existing_glossary_stems	Independently translated from the pinned Japanese. Existing glossary identities reused; gameplay/effect prose is project wording. Native queue/history limits checked separately from natural scenario coverage.
tutorial.001b6a29	message	$m1のHPが 半減した。	$m1's HP was halved.		hp	project_prose_existing_glossary_stems	Independently translated from the pinned Japanese. Existing glossary identities reused; gameplay/effect prose is project wording. Native queue/history limits checked separately from natural scenario coverage.
tutorial.001b6a3b	message	$m1のHPは１になった！	$m1's HP fell to 1!		hp	project_prose_existing_glossary_stems	Independently translated from the pinned Japanese. Existing glossary identities reused; gameplay/effect prose is project wording. Native queue/history limits checked separately from natural scenario coverage.
tutorial.001b6a4c	message	$m1のHPはもう下がらない！	$m1's HP cannot fall any further!		hp	project_prose_existing_glossary_stems	Independently translated from the pinned Japanese. Existing glossary identities reused; gameplay/effect prose is project wording. Native queue/history limits checked separately from natural scenario coverage.
tutorial.001b6a5f	message	$m1は 指輪の効果で<CR>最大HPが下がらなかった。	The ring stopped<LF>$m1's maximum HP from falling.		hp	project_prose_existing_glossary_stems	Independently translated from the pinned Japanese. Existing glossary identities reused; gameplay/effect prose is project wording. Native queue/history limits checked separately from natural scenario coverage.
tutorial.001b6a85	message	$m0は 吸収光線を出した。	$m0 fired an absorption beam.			project_prose_existing_glossary_stems	Independently translated from the pinned Japanese. Existing glossary identities reused; gameplay/effect prose is project wording. Native queue/history limits checked separately from natural scenario coverage.
tutorial.001b6a9a	message	$m0は 吸収光線を出した。	$m0 fired an absorption beam.			project_prose_existing_glossary_stems	Independently translated from the pinned Japanese. Existing glossary identities reused; gameplay/effect prose is project wording. Native queue/history limits checked separately from natural scenario coverage.
tutorial.001b6aaf	message	$m1は 防御力が下がった。	$m1's Defence fell.		defence	project_prose_existing_glossary_stems	Independently translated from the pinned Japanese. Existing glossary identities reused; gameplay/effect prose is project wording. Native queue/history limits checked separately from natural scenario coverage.
tutorial.001b6ac6	message	もう防御力は変化しなかった。	Defence did not change any further.		defence	project_prose_existing_glossary_stems	Independently translated from the pinned Japanese. Existing glossary identities reused; gameplay/effect prose is project wording. Native queue/history limits checked separately from natural scenario coverage.
tutorial.001b6adc	message	$m1は 攻撃力が弱まった！	$m1's Attack fell!		interface.action.005	project_prose_existing_glossary_stems	Independently translated from the pinned Japanese. Existing glossary identities reused; gameplay/effect prose is project wording. Native queue/history limits checked separately from natural scenario coverage.
tutorial.001b6af2	message	攻撃力は変化しなかった。	Attack did not change.		interface.action.005	project_prose_existing_glossary_stems	Independently translated from the pinned Japanese. Existing glossary identities reused; gameplay/effect prose is project wording. Native queue/history limits checked separately from natural scenario coverage.
tutorial.001b6b06	message	$m0の ムーンサルト攻撃！	$m0 uses Harvest Moon!		series_harvest_moon	project_prose_existing_glossary_stems	Independently translated from the pinned Japanese. Existing glossary identities reused; gameplay/effect prose is project wording. Native queue/history limits checked separately from natural scenario coverage.
tutorial.001b6b1e	message	$m0は 炎の息を吐いた！	$m0 breathed fire!			project_prose_existing_glossary_stems	Independently translated from the pinned Japanese. Existing glossary identities reused; gameplay/effect prose is project wording. Native queue/history limits checked separately from natural scenario coverage.
tutorial.001b6b30	message	$m0は 氷の息を吐いた！	$m0 breathed ice!			project_prose_existing_glossary_stems	Independently translated from the pinned Japanese. Existing glossary identities reused; gameplay/effect prose is project wording. Native queue/history limits checked separately from natural scenario coverage.
tutorial.001b6b42	message	$m0は モンスターを呼んだ！	$m0 called for monsters!			project_prose_existing_glossary_stems	Independently translated from the pinned Japanese. Existing glossary identities reused; gameplay/effect prose is project wording. Native queue/history limits checked separately from natural scenario coverage.
tutorial.001b6b5a	message	$m0はメダパニを唱えた。	$m0 casts Fuddle.		series_fuddle	project_prose_existing_glossary_stems	Independently translated from the pinned Japanese. Existing glossary identities reused; gameplay/effect prose is project wording. Native queue/history limits checked separately from natural scenario coverage.
tutorial.001b6b84	message	$i0が防御力を下げた！	$i0 lowered Defence!		defence	project_prose_existing_glossary_stems	Independently translated from the pinned Japanese. Existing glossary identities reused; gameplay/effect prose is project wording. Native queue/history limits checked separately from natural scenario coverage.
tutorial.001b6b98	message	$i0が弾き飛ばされた。	$i0 was knocked away.			project_prose_existing_glossary_stems	Independently translated from the pinned Japanese. Existing glossary identities reused; gameplay/effect prose is project wording. Native queue/history limits checked separately from natural scenario coverage.
tutorial.001b6baa	message	$i0を弾き飛ばした。	Knocked away $i0.			project_prose_existing_glossary_stems	Independently translated from the pinned Japanese. Existing glossary identities reused; gameplay/effect prose is project wording. Native queue/history limits checked separately from natural scenario coverage.
tutorial.001b6bba	message	空振りしたので弾き飛ばされなかった。	The attack missed. Nothing was knocked away.			project_prose_existing_glossary_stems	Independently translated from the pinned Japanese. Existing glossary identities reused; gameplay/effect prose is project wording. Native queue/history limits checked separately from natural scenario coverage.
tutorial.001b6bd5	message	空振りしたので弾き飛ばさなかった。	The attack missed. Nothing was knocked away.			project_prose_existing_glossary_stems	Independently translated from the pinned Japanese. Existing glossary identities reused; gameplay/effect prose is project wording. Native queue/history limits checked separately from natural scenario coverage.
tutorial.001b6bef	message	弾き飛ばされるものがなかった。	There was nothing to knock away.			project_prose_existing_glossary_stems	Independently translated from the pinned Japanese. Existing glossary identities reused; gameplay/effect prose is project wording. Native queue/history limits checked separately from natural scenario coverage.
tutorial.001b6c05	message	弾き飛ばすものがなかった。	There was nothing to knock away.			project_prose_existing_glossary_stems	Independently translated from the pinned Japanese. Existing glossary identities reused; gameplay/effect prose is project wording. Native queue/history limits checked separately from natural scenario coverage.
tutorial.001b6c19	message	$m0の装備弾き攻撃！	$m0 tries to knock equipment away!		interface.action.027	project_prose_existing_glossary_stems	Independently translated from the pinned Japanese. Existing glossary identities reused; gameplay/effect prose is project wording. Native queue/history limits checked separately from natural scenario coverage.
tutorial.001b6c2b	message	$m0のアイテム弾き攻撃！	$m0 tries to knock items away!			project_prose_existing_glossary_stems	Independently translated from the pinned Japanese. Existing glossary identities reused; gameplay/effect prose is project wording. Native queue/history limits checked separately from natural scenario coverage.
tutorial.001b6c41	message	$m0のアイテム弾き攻撃！	$m0 tries to knock items away!			project_prose_existing_glossary_stems	Independently translated from the pinned Japanese. Existing glossary identities reused; gameplay/effect prose is project wording. Native queue/history limits checked separately from natural scenario coverage.
tutorial.001b6c57	message	$m0は 凍りついた。	$m0 froze solid.			project_prose_existing_glossary_stems	Independently translated from the pinned Japanese. Existing glossary identities reused; gameplay/effect prose is project wording. Native queue/history limits checked separately from natural scenario coverage.
tutorial.001b6c65	message	$tは指輪によって凍らずにすんだ。	The ring kept $t from freezing.			project_prose_existing_glossary_stems	Independently translated from the pinned Japanese. Existing glossary identities reused; gameplay/effect prose is project wording. Native queue/history limits checked separately from natural scenario coverage.
tutorial.001b6c7e	message	$m0は 凍らずにすんだ。	$m0 avoided freezing.			project_prose_existing_glossary_stems	Independently translated from the pinned Japanese. Existing glossary identities reused; gameplay/effect prose is project wording. Native queue/history limits checked separately from natural scenario coverage.
tutorial.001b6c90	message	$m1は 透明になった！	$m1 turned invisible!			project_prose_existing_glossary_stems	Independently translated from the pinned Japanese. Existing glossary identities reused; gameplay/effect prose is project wording. Native queue/history limits checked separately from natural scenario coverage.
tutorial.001b6ca1	message	$m1は すでに透明だ。	$m1 is already invisible.			project_prose_existing_glossary_stems	Independently translated from the pinned Japanese. Existing glossary identities reused; gameplay/effect prose is project wording. Native queue/history limits checked separately from natural scenario coverage.
tutorial.001b6cb3	message	$m1は 透明状態になったが<CR>いまの$tには見える。	$m1 turned invisible, but $t can still see it.			project_prose_existing_glossary_stems	Independently translated from the pinned Japanese. Existing glossary identities reused; gameplay/effect prose is project wording. Native queue/history limits checked separately from natural scenario coverage.
tutorial.001b6cd6	message	$m0と<CR>$m1が入れ替わった。	$m0 and<LF>$m1 swapped places.			project_prose_existing_glossary_stems	Independently translated from the pinned Japanese. Existing glossary identities reused; gameplay/effect prose is project wording. Native queue/history limits checked separately from natural scenario coverage.
tutorial.001b6cec	message	$m0は 場所替えされない！	$m0 cannot be swapped!			project_prose_existing_glossary_stems	Independently translated from the pinned Japanese. Existing glossary identities reused; gameplay/effect prose is project wording. Native queue/history limits checked separately from natural scenario coverage.
tutorial.001b6cff	message	$m0は 場所替えされない！	$m0 cannot be swapped!			project_prose_existing_glossary_stems	Independently translated from the pinned Japanese. Existing glossary identities reused; gameplay/effect prose is project wording. Native queue/history limits checked separately from natural scenario coverage.
tutorial.001b6d12	message	$m0は 転んだ！	$m0 tripped!			project_prose_existing_glossary_stems	Independently translated from the pinned Japanese. Existing glossary identities reused; gameplay/effect prose is project wording. Native queue/history limits checked separately from natural scenario coverage.
tutorial.001b6d1f	message	$m0は転んだ！	$m0 tripped!			project_prose_existing_glossary_stems	Independently translated from the pinned Japanese. Existing glossary identities reused; gameplay/effect prose is project wording. Native queue/history limits checked separately from natural scenario coverage.
tutorial.001b6d2b	message	$m0は眠っていて転ばない！	$m0 is asleep and cannot trip!			project_prose_existing_glossary_stems	Independently translated from the pinned Japanese. Existing glossary identities reused; gameplay/effect prose is project wording. Native queue/history limits checked separately from natural scenario coverage.
tutorial.001b6d3f	message	$m0は 転ばなかった！	$m0 did not trip!			project_prose_existing_glossary_stems	Independently translated from the pinned Japanese. Existing glossary identities reused; gameplay/effect prose is project wording. Native queue/history limits checked separately from natural scenario coverage.
tutorial.001b6d50	message	$m0は 杖のおかげで転ばなかった！	The staff kept<LF>$m0 from tripping!			project_prose_existing_glossary_stems	Independently translated from the pinned Japanese. Existing glossary identities reused; gameplay/effect prose is project wording. Native queue/history limits checked separately from natural scenario coverage.
tutorial.001b6d6a	message	しかし 分裂できなかった。	But it could not split.			project_prose_existing_glossary_stems	Independently translated from the pinned Japanese. Existing glossary identities reused; gameplay/effect prose is project wording. Native queue/history limits checked separately from natural scenario coverage.
tutorial.001b6d7d	message	$m0は$d0ダメージ受けた。	$m0 took $d0 damage.			project_prose_existing_glossary_stems	Independently translated from the pinned Japanese. Existing glossary identities reused; gameplay/effect prose is project wording. Native queue/history limits checked separately from natural scenario coverage.
tutorial.001b6d93	message	$m1は$d0ダメージ受けた。	$m1 took $d0 damage.			project_prose_existing_glossary_stems	Independently translated from the pinned Japanese. Existing glossary identities reused; gameplay/effect prose is project wording. Native queue/history limits checked separately from natural scenario coverage.
tutorial.001b6da9	message	$m1のHPが 1/4になった！	$m1's HP fell to a quarter!		hp	project_prose_existing_glossary_stems	Independently translated from the pinned Japanese. Existing glossary identities reused; gameplay/effect prose is project wording. Native queue/history limits checked separately from natural scenario coverage.
tutorial.001b6dbd	message	$m1のHPが かなり減った！	$m1 lost a great deal of HP!		hp	project_prose_existing_glossary_stems	Independently translated from the pinned Japanese. Existing glossary identities reused; gameplay/effect prose is project wording. Native queue/history limits checked separately from natural scenario coverage.
tutorial.001b6dd1	message	誰にも効果がなかった。	It had no effect on anyone.			project_prose_existing_glossary_stems	Independently translated from the pinned Japanese. Existing glossary identities reused; gameplay/effect prose is project wording. Native queue/history limits checked separately from natural scenario coverage.
tutorial.001b6de3	message	$tは ミミックに変化できなかった。	$t could not turn into a Mimic.		enemy.mimic	project_prose_existing_glossary_stems	Independently translated from the pinned Japanese. Existing glossary identities reused; gameplay/effect prose is project wording. Native queue/history limits checked separately from natural scenario coverage.
tutorial.001b6dff	message	$m0は④きとうしの杖を振った！	$m0 waved a Shaman staff!		combined_item_086,enemy_shaman	project_prose_existing_glossary_stems	Independently translated from the pinned Japanese. Existing glossary identities reused; gameplay/effect prose is project wording. Native queue/history limits checked separately from natural scenario coverage.
tutorial.001b6e15	message	$m0は④ピオリムの杖を振った！	$m0 waved an Acceleratle staff!		combined_item_073,series_acceleratle	project_prose_existing_glossary_stems	Independently translated from the pinned Japanese. Existing glossary identities reused; gameplay/effect prose is project wording. Native queue/history limits checked separately from natural scenario coverage.
tutorial.001b6e2f	message	$m0は④ようじゅつしの杖を振った！	$m0 waved a Sorcerer staff!		combined_item_087,enemy_sorcerer	project_prose_existing_glossary_stems	Independently translated from the pinned Japanese. Existing glossary identities reused; gameplay/effect prose is project wording. Native queue/history limits checked separately from natural scenario coverage.
tutorial.001b6e49	message	$m0は④ピオリムの杖を振った！	$m0 waved an Acceleratle staff!		combined_item_073,series_acceleratle	project_prose_existing_glossary_stems	Independently translated from the pinned Japanese. Existing glossary identities reused; gameplay/effect prose is project wording. Native queue/history limits checked separately from natural scenario coverage.
tutorial.001b6e63	message	$m0は④イカリの杖を振った！	$m0 waved a Rage staff!		combined_item_098	project_prose_existing_glossary_stems	Independently translated from the pinned Japanese. Existing glossary identities reused; gameplay/effect prose is project wording. Native queue/history limits checked separately from natural scenario coverage.
tutorial.001b6e7b	message	$m1は 怒りに燃えた。	$m1 flew into a rage.			project_prose_existing_glossary_stems	Independently translated from the pinned Japanese. Existing glossary identities reused; gameplay/effect prose is project wording. Native queue/history limits checked separately from natural scenario coverage.
tutorial.001b6e8b	message	$m1は封印されているので<CR>怒りを感じない。	$m1 is sealed and cannot feel rage.		mechanic.sealed	project_prose_existing_glossary_stems	Independently translated from the pinned Japanese. Existing glossary identities reused; gameplay/effect prose is project wording. Native queue/history limits checked separately from natural scenario coverage.
tutorial.001b6ea9	message	$m1は すでに怒りにみちている！	$m1 is already enraged!			project_prose_existing_glossary_stems	Independently translated from the pinned Japanese. Existing glossary identities reused; gameplay/effect prose is project wording. Native queue/history limits checked separately from natural scenario coverage.
tutorial.001b6ebe	message	痛みわけのモンスターに威力が伝わった！	The monster sharing the pain took damage too!			project_prose_existing_glossary_stems	Independently translated from the pinned Japanese. Existing glossary identities reused; gameplay/effect prose is project wording. Native queue/history limits checked separately from natural scenario coverage.
tutorial.001b6ede	message	痛みわけの仲間に威力が伝わった！	The ally sharing the pain took damage too!			project_prose_existing_glossary_stems	Independently translated from the pinned Japanese. Existing glossary identities reused; gameplay/effect prose is project wording. Native queue/history limits checked separately from natural scenario coverage.
tutorial.001b6ef8	message	$m1は $tの痛みを<CR>感じるようになった！	$m1 now shares<LF>$t's pain!			project_prose_existing_glossary_stems	Independently translated from the pinned Japanese. Existing glossary identities reused; gameplay/effect prose is project wording. Native queue/history limits checked separately from natural scenario coverage.
tutorial.001b6f14	message	しかし 何も起こらなかった。	But nothing happened.			project_prose_existing_glossary_stems	Independently translated from the pinned Japanese. Existing glossary identities reused; gameplay/effect prose is project wording. Native queue/history limits checked separately from natural scenario coverage.
tutorial.001b6f27	message	$m0は 呪いの言葉を吐いた！	$m0 uttered a curse!			project_prose_existing_glossary_stems	Independently translated from the pinned Japanese. Existing glossary identities reused; gameplay/effect prose is project wording. Native queue/history limits checked separately from natural scenario coverage.
tutorial.001b6f3c	message	$m0は モンスターを呼んだ！	$m0 called for monsters!			project_prose_existing_glossary_stems	Independently translated from the pinned Japanese. Existing glossary identities reused; gameplay/effect prose is project wording. Native queue/history limits checked separately from natural scenario coverage.
tutorial.001b6f54	message	$i0は呪われた！	$i0 was cursed!			project_prose_existing_glossary_stems	Independently translated from the pinned Japanese. Existing glossary identities reused; gameplay/effect prose is project wording. Native queue/history limits checked separately from natural scenario coverage.
tutorial.001b6f60	message	$m1は 呪われずにすんだ。	$m1 avoided the curse.			project_prose_existing_glossary_stems	Independently translated from the pinned Japanese. Existing glossary identities reused; gameplay/effect prose is project wording. Native queue/history limits checked separately from natural scenario coverage.
tutorial.001b6f73	message	$tは 呪われるものがなかった！	$t had nothing that could be cursed!			project_prose_existing_glossary_stems	Independently translated from the pinned Japanese. Existing glossary identities reused; gameplay/effect prose is project wording. Native queue/history limits checked separately from natural scenario coverage.
tutorial.001b6f88	message	$tは 指輪のちからで呪いを防いだ！	$t's ring prevented the curse!			project_prose_existing_glossary_stems	Independently translated from the pinned Japanese. Existing glossary identities reused; gameplay/effect prose is project wording. Native queue/history limits checked separately from natural scenario coverage.
tutorial.001b6fa2	message	$i0は 呪われない。	$i0 cannot be cursed.			project_prose_existing_glossary_stems	Independently translated from the pinned Japanese. Existing glossary identities reused; gameplay/effect prose is project wording. Native queue/history limits checked separately from natural scenario coverage.
tutorial.001b6fb0	message	$m0は<CR>不思議な言葉を吐いた！	$m0 uttered strange words!			project_prose_existing_glossary_stems	Independently translated from the pinned Japanese. Existing glossary identities reused; gameplay/effect prose is project wording. Native queue/history limits checked separately from natural scenario coverage.
tutorial.001b6fc8	message	$i0の回数が０になった。	$i0's uses fell to 0.			project_prose_existing_glossary_stems	Independently translated from the pinned Japanese. Existing glossary identities reused; gameplay/effect prose is project wording. Native queue/history limits checked separately from natural scenario coverage.
tutorial.001b6fdc	message	しかし 何も起こらなかった。	But nothing happened.			project_prose_existing_glossary_stems	Independently translated from the pinned Japanese. Existing glossary identities reused; gameplay/effect prose is project wording. Native queue/history limits checked separately from natural scenario coverage.
tutorial.001b6fef	message	$m0は お墓をよみがえらせた！	$m0 revived a grave!		combined_item_349	project_prose_existing_glossary_stems	Independently translated from the pinned Japanese. Existing glossary identities reused; gameplay/effect prose is project wording. Native queue/history limits checked separately from natural scenario coverage.
tutorial.001b7003	message	しかし 復活できなかった。	But it could not be revived.			project_prose_existing_glossary_stems	Independently translated from the pinned Japanese. Existing glossary identities reused; gameplay/effect prose is project wording. Native queue/history limits checked separately from natural scenario coverage.
tutorial.001b7016	message	$m0は くさった液を吐いた！	$m0 spat rotten fluid!			project_prose_existing_glossary_stems	Independently translated from the pinned Japanese. Existing glossary identities reused; gameplay/effect prose is project wording. Native queue/history limits checked separately from natural scenario coverage.
tutorial.001b702a	message	$i0は 傷まずにすんだ。	$i0 did not deteriorate.			project_prose_existing_glossary_stems	Independently translated from the pinned Japanese. Existing glossary identities reused; gameplay/effect prose is project wording. Native queue/history limits checked separately from natural scenario coverage.
tutorial.001b703c	message	$i0は 装備している<CR>指輪の効果で傷まずにすんだ。	The equipped ring kept<LF>$i0 from deteriorating.		interface.action.027	project_prose_existing_glossary_stems	Independently translated from the pinned Japanese. Existing glossary identities reused; gameplay/effect prose is project wording. Native queue/history limits checked separately from natural scenario coverage.
tutorial.001b7062	message	$i0は 傷んでしまった。	$i0 deteriorated.			project_prose_existing_glossary_stems	Independently translated from the pinned Japanese. Existing glossary identities reused; gameplay/effect prose is project wording. Native queue/history limits checked separately from natural scenario coverage.
tutorial.001b7074	message	$i0は もう傷まない。	$i0 cannot deteriorate further.			project_prose_existing_glossary_stems	Independently translated from the pinned Japanese. Existing glossary identities reused; gameplay/effect prose is project wording. Native queue/history limits checked separately from natural scenario coverage.
tutorial.001b7083	message	$i0は 傷まない。	$i0 cannot deteriorate.			project_prose_existing_glossary_stems	Independently translated from the pinned Japanese. Existing glossary identities reused; gameplay/effect prose is project wording. Native queue/history limits checked separately from natural scenario coverage.
tutorial.001b7090	message	しかし 何も起こらなかった。	But nothing happened.			project_prose_existing_glossary_stems	Independently translated from the pinned Japanese. Existing glossary identities reused; gameplay/effect prose is project wording. Native queue/history limits checked separately from natural scenario coverage.
tutorial.001b70a3	message	$m1の攻撃力が弱くなった。	$m1's Attack fell.		interface.action.005	project_prose_existing_glossary_stems	Independently translated from the pinned Japanese. Existing glossary identities reused; gameplay/effect prose is project wording. Native queue/history limits checked separately from natural scenario coverage.
tutorial.001b70b9	message	これ以上 攻撃力は弱まらない。	Attack cannot fall any further.		interface.action.005	project_prose_existing_glossary_stems	Independently translated from the pinned Japanese. Existing glossary identities reused; gameplay/effect prose is project wording. Native queue/history limits checked separately from natural scenario coverage.
tutorial.001b70d0	effect	なし	None		combined_item_000,interface.action.002,interface.action.003,interface.action.004	project_prose_existing_glossary_stems	Independently translated from the pinned Japanese. Existing glossary identities reused; gameplay/effect prose is project wording. Native queue/history limits checked separately from natural scenario coverage.
tutorial.001b70d3	effect	武器傷みよけ	Wearproof weapon		help.wearproof_seal	project_prose_existing_glossary_stems	Independently translated from the pinned Japanese. Existing glossary identities reused; gameplay/effect prose is project wording. Native queue/history limits checked separately from natural scenario coverage.
tutorial.001b70dd	effect	炎系ダメージ大	Fire-type damage up		fire_type	project_prose_existing_glossary_stems	Independently translated from the pinned Japanese. Existing glossary identities reused; gameplay/effect prose is project wording. Native queue/history limits checked separately from natural scenario coverage.
tutorial.001b70ec	effect	必中攻撃	Unerring attacks		interface.action.005	project_prose_existing_glossary_stems	Independently translated from the pinned Japanese. Existing glossary identities reused; gameplay/effect prose is project wording. Native queue/history limits checked separately from natural scenario coverage.
tutorial.001b70f5	effect	会心確率UP	Critical chance up			project_prose_existing_glossary_stems	Independently translated from the pinned Japanese. Existing glossary identities reused; gameplay/effect prose is project wording. Native queue/history limits checked separately from natural scenario coverage.
tutorial.001b7100	effect	会心確率大幅UP	Critical chance way up			project_prose_existing_glossary_stems	Independently translated from the pinned Japanese. Existing glossary identities reused; gameplay/effect prose is project wording. Native queue/history limits checked separately from natural scenario coverage.
tutorial.001b710f	effect	３方向攻撃	Three-way attack		interface.action.005	project_prose_existing_glossary_stems	Independently translated from the pinned Japanese. Existing glossary identities reused; gameplay/effect prose is project wording. Native queue/history limits checked separately from natural scenario coverage.
tutorial.001b711a	effect	ゾンビ系ダメージ大	Undead damage up		undead	project_prose_existing_glossary_stems	Independently translated from the pinned Japanese. Existing glossary identities reused; gameplay/effect prose is project wording. Native queue/history limits checked separately from natural scenario coverage.
tutorial.001b712d	effect	人形系ダメージ大	Material damage up			project_prose_existing_glossary_stems	Independently translated from the pinned Japanese. Existing glossary identities reused; gameplay/effect prose is project wording. Native queue/history limits checked separately from natural scenario coverage.
tutorial.001b713e	effect	悪魔系ダメージ大	Demon damage up			project_prose_existing_glossary_stems	Independently translated from the pinned Japanese. Existing glossary identities reused; gameplay/effect prose is project wording. Native queue/history limits checked separately from natural scenario coverage.
tutorial.001b714f	effect	浮遊系ダメージ大	Floating damage up			project_prose_existing_glossary_stems	Independently translated from the pinned Japanese. Existing glossary identities reused; gameplay/effect prose is project wording. Native queue/history limits checked separately from natural scenario coverage.
tutorial.001b7160	effect	炎系ダメージ特大	Fire-type damage way up		fire_type	project_prose_existing_glossary_stems	Independently translated from the pinned Japanese. Existing glossary identities reused; gameplay/effect prose is project wording. Native queue/history limits checked separately from natural scenario coverage.
tutorial.001b7171	effect	壁掘れるが壊れる	Dig walls; may break			project_prose_existing_glossary_stems	Independently translated from the pinned Japanese. Existing glossary identities reused; gameplay/effect prose is project wording. Native queue/history limits checked separately from natural scenario coverage.
tutorial.001b717e	effect	連続攻撃	Repeated attacks		interface.action.005	project_prose_existing_glossary_stems	Independently translated from the pinned Japanese. Existing glossary identities reused; gameplay/effect prose is project wording. Native queue/history limits checked separately from natural scenario coverage.
tutorial.001b7187	effect	攻撃時HP回復	Attacks restore HP		hp,interface.action.005	project_prose_existing_glossary_stems	Independently translated from the pinned Japanese. Existing glossary identities reused; gameplay/effect prose is project wording. Native queue/history limits checked separately from natural scenario coverage.
tutorial.001b7194	effect	８方向攻撃	Eight-way attack		interface.action.005	project_prose_existing_glossary_stems	Independently translated from the pinned Japanese. Existing glossary identities reused; gameplay/effect prose is project wording. Native queue/history limits checked separately from natural scenario coverage.
tutorial.001b719f	effect	アイテム落とす	Item drops			project_prose_existing_glossary_stems	Independently translated from the pinned Japanese. Existing glossary identities reused; gameplay/effect prose is project wording. Native queue/history limits checked separately from natural scenario coverage.
tutorial.001b71ac	effect	壊れる	Breakable			project_prose_existing_glossary_stems	Independently translated from the pinned Japanese. Existing glossary identities reused; gameplay/effect prose is project wording. Native queue/history limits checked separately from natural scenario coverage.
tutorial.001b71b1	effect	壊れない	Unbreakable			project_prose_existing_glossary_stems	Independently translated from the pinned Japanese. Existing glossary identities reused; gameplay/effect prose is project wording. Native queue/history limits checked separately from natural scenario coverage.
tutorial.001b71b7	effect	ライフドレイン	Life drain		combined_item_026	project_prose_existing_glossary_stems	Independently translated from the pinned Japanese. Existing glossary identities reused; gameplay/effect prose is project wording. Native queue/history limits checked separately from natural scenario coverage.
tutorial.001b71c6	effect	封	Seal			project_prose_existing_glossary_stems	Independently translated from the pinned Japanese. Existing glossary identities reused; gameplay/effect prose is project wording. Native queue/history limits checked separately from natural scenario coverage. Opaque short Japanese label retained conservatively; no inferred mechanics.
tutorial.001b71c9	effect	攻撃後１マス下がる	Step back after attack		interface.action.005	project_prose_existing_glossary_stems	Independently translated from the pinned Japanese. Existing glossary identities reused; gameplay/effect prose is project wording. Native queue/history limits checked separately from natural scenario coverage.
tutorial.001b71db	effect	アイテム弾き	Knock items away			project_prose_existing_glossary_stems	Independently translated from the pinned Japanese. Existing glossary identities reused; gameplay/effect prose is project wording. Native queue/history limits checked separately from natural scenario coverage.
tutorial.001b71e7	effect	さきぼそり	Fading		combined_item_039	project_prose_existing_glossary_stems	Independently translated from the pinned Japanese. Existing glossary identities reused; gameplay/effect prose is project wording. Native queue/history limits checked separately from natural scenario coverage.
tutorial.001b71ee	effect	アイテム ワナ壊せる	Break items and traps		interface.action.008	project_prose_existing_glossary_stems	Independently translated from the pinned Japanese. Existing glossary identities reused; gameplay/effect prose is project wording. Native queue/history limits checked separately from natural scenario coverage.
tutorial.001b7200	effect	空振りためて会心	Misses build criticals			project_prose_existing_glossary_stems	Independently translated from the pinned Japanese. Existing glossary identities reused; gameplay/effect prose is project wording. Native queue/history limits checked separately from natural scenario coverage.
tutorial.001b720d	effect	爆弾系ダメージ大	Bomb-type damage up			project_prose_existing_glossary_stems	Independently translated from the pinned Japanese. Existing glossary identities reused; gameplay/effect prose is project wording. Native queue/history limits checked separately from natural scenario coverage.
tutorial.001b721e	effect	ルカナン攻撃	Kasap attacks		interface.action.005,series_kasap	project_prose_existing_glossary_stems	Independently translated from the pinned Japanese. Existing glossary identities reused; gameplay/effect prose is project wording. Native queue/history limits checked separately from natural scenario coverage.
tutorial.001b722b	effect	水系ダメージ大	Aquatic damage up			project_prose_existing_glossary_stems	Independently translated from the pinned Japanese. Existing glossary identities reused; gameplay/effect prose is project wording. Native queue/history limits checked separately from natural scenario coverage.
tutorial.001b723a	effect	ゴールド落とす	Gold drops		combined_item_341	project_prose_existing_glossary_stems	Independently translated from the pinned Japanese. Existing glossary identities reused; gameplay/effect prose is project wording. Native queue/history limits checked separately from natural scenario coverage.
tutorial.001b7247	effect	パン落とす	Bread drops		bread	project_prose_existing_glossary_stems	Independently translated from the pinned Japanese. Existing glossary identities reused; gameplay/effect prose is project wording. Native queue/history limits checked separately from natural scenario coverage.
tutorial.001b7250	effect	2マスつきぬけて攻撃	Pierce two squares			project_prose_existing_glossary_stems	Independently translated from the pinned Japanese. Existing glossary identities reused; gameplay/effect prose is project wording. Native queue/history limits checked separately from natural scenario coverage.
tutorial.001b725f	effect	透明な生物ダメージ大	Invisible foe damage up			project_prose_existing_glossary_stems	Independently translated from the pinned Japanese. Existing glossary identities reused; gameplay/effect prose is project wording. Native queue/history limits checked separately from natural scenario coverage.
tutorial.001b7273	effect	攻撃はね返し	Reflect attacks		interface.action.005	project_prose_existing_glossary_stems	Independently translated from the pinned Japanese. Existing glossary identities reused; gameplay/effect prose is project wording. Native queue/history limits checked separately from natural scenario coverage.
tutorial.001b727d	effect	爆発ダメージ軽減	Reduce blast damage			project_prose_existing_glossary_stems	Independently translated from the pinned Japanese. Existing glossary identities reused; gameplay/effect prose is project wording. Native queue/history limits checked separately from natural scenario coverage.
tutorial.001b728e	effect	印	Mark			project_prose_existing_glossary_stems	Independently translated from the pinned Japanese. Existing glossary identities reused; gameplay/effect prose is project wording. Native queue/history limits checked separately from natural scenario coverage. Opaque short Japanese label retained conservatively; no inferred mechanics.
tutorial.001b7291	effect	ハラヘリ早い	Faster hunger			project_prose_existing_glossary_stems	Independently translated from the pinned Japanese. Existing glossary identities reused; gameplay/effect prose is project wording. Native queue/history limits checked separately from natural scenario coverage.
tutorial.001b729d	effect	盾傷みよけ	Wearproof shield		help.wearproof_seal	project_prose_existing_glossary_stems	Independently translated from the pinned Japanese. Existing glossary identities reused; gameplay/effect prose is project wording. Native queue/history limits checked separately from natural scenario coverage.
tutorial.001b72a5	effect	水の上を歩ける	Walk on water		combined_item_345	project_prose_existing_glossary_stems	Independently translated from the pinned Japanese. Existing glossary identities reused; gameplay/effect prose is project wording. Native queue/history limits checked separately from natural scenario coverage.
tutorial.001b72b0	effect	値切り	Haggling			project_prose_existing_glossary_stems	Independently translated from the pinned Japanese. Existing glossary identities reused; gameplay/effect prose is project wording. Native queue/history limits checked separately from natural scenario coverage.
tutorial.001b72b6	effect	HP回復早＆ハラヘリ早	Faster healing and hunger			project_prose_existing_glossary_stems	Independently translated from the pinned Japanese. Existing glossary identities reused; gameplay/effect prose is project wording. Native queue/history limits checked separately from natural scenario coverage.
tutorial.001b72cb	effect	傷み防止	Wearproof		help.wearproof_seal	project_prose_existing_glossary_stems	Independently translated from the pinned Japanese. Existing glossary identities reused; gameplay/effect prose is project wording. Native queue/history limits checked separately from natural scenario coverage.
tutorial.001b72d3	effect	会心確率増	Critical chance up			project_prose_existing_glossary_stems	Independently translated from the pinned Japanese. Existing glossary identities reused; gameplay/effect prose is project wording. Native queue/history limits checked separately from natural scenario coverage.
tutorial.001b72de	effect	痛恨攻撃受確率UP	Take more brutal blows			project_prose_existing_glossary_stems	Independently translated from the pinned Japanese. Existing glossary identities reused; gameplay/effect prose is project wording. Native queue/history limits checked separately from natural scenario coverage.
tutorial.001b72ef	effect	呪い攻撃無効化	Curse attack immunity		interface.action.005	project_prose_existing_glossary_stems	Independently translated from the pinned Japanese. Existing glossary identities reused; gameplay/effect prose is project wording. Native queue/history limits checked separately from natural scenario coverage.
tutorial.001b72fd	effect	遠投	Long throws			project_prose_existing_glossary_stems	Independently translated from the pinned Japanese. Existing glossary identities reused; gameplay/effect prose is project wording. Native queue/history limits checked separately from natural scenario coverage.
tutorial.001b7302	effect	ダメージ経験値化	Damage becomes XP			project_prose_existing_glossary_stems	Independently translated from the pinned Japanese. Existing glossary identities reused; gameplay/effect prose is project wording. Native queue/history limits checked separately from natural scenario coverage.
tutorial.001b7313	effect	アイテム落とす	Item drops			project_prose_existing_glossary_stems	Independently translated from the pinned Japanese. Existing glossary identities reused; gameplay/effect prose is project wording. Native queue/history limits checked separately from natural scenario coverage.
tutorial.001b7320	effect	透視	Farsight		combined_item_143	project_prose_existing_glossary_stems	Independently translated from the pinned Japanese. Existing glossary identities reused; gameplay/effect prose is project wording. Native queue/history limits checked separately from natural scenario coverage.
tutorial.001b7325	effect	混乱攻撃無効化	Confusion immunity			project_prose_existing_glossary_stems	Independently translated from the pinned Japanese. Existing glossary identities reused; gameplay/effect prose is project wording. Native queue/history limits checked separately from natural scenario coverage.
tutorial.001b7334	effect	アイテム識別	Identify items			project_prose_existing_glossary_stems	Independently translated from the pinned Japanese. Existing glossary identities reused; gameplay/effect prose is project wording. Native queue/history limits checked separately from natural scenario coverage.
tutorial.001b7341	effect	ちから増	Strength up			project_prose_existing_glossary_stems	Independently translated from the pinned Japanese. Existing glossary identities reused; gameplay/effect prose is project wording. Native queue/history limits checked separately from natural scenario coverage.
tutorial.001b7347	effect	毒攻撃無効化	Poison attack immunity		interface.action.005	project_prose_existing_glossary_stems	Independently translated from the pinned Japanese. Existing glossary identities reused; gameplay/effect prose is project wording. Native queue/history limits checked separately from natural scenario coverage.
tutorial.001b7354	effect	眠り攻撃無効化	Sleep attack immunity		interface.action.005	project_prose_existing_glossary_stems	Independently translated from the pinned Japanese. Existing glossary identities reused; gameplay/effect prose is project wording. Native queue/history limits checked separately from natural scenario coverage.
tutorial.001b7362	effect	ランダムでルーラ	Random warps			project_prose_existing_glossary_stems	Independently translated from the pinned Japanese. Existing glossary identities reused; gameplay/effect prose is project wording. Native queue/history limits checked separately from natural scenario coverage.
tutorial.001b7373	effect	ハラヘラズ	No hunger			project_prose_existing_glossary_stems	Independently translated from the pinned Japanese. Existing glossary identities reused; gameplay/effect prose is project wording. Native queue/history limits checked separately from natural scenario coverage.
tutorial.001b737e	effect	モンスター起こさない	Do not wake monsters			project_prose_existing_glossary_stems	Independently translated from the pinned Japanese. Existing glossary identities reused; gameplay/effect prose is project wording. Native queue/history limits checked separately from natural scenario coverage.
tutorial.001b738f	effect	高価な輝き	Valuable shine			project_prose_existing_glossary_stems	Independently translated from the pinned Japanese. Existing glossary identities reused; gameplay/effect prose is project wording. Native queue/history limits checked separately from natural scenario coverage.
tutorial.001b7398	effect	見えないものが見える	See invisible things			project_prose_existing_glossary_stems	Independently translated from the pinned Japanese. Existing glossary identities reused; gameplay/effect prose is project wording. Native queue/history limits checked separately from natural scenario coverage.
tutorial.001b73a6	effect	ハラヘリ早	Faster hunger			project_prose_existing_glossary_stems	Independently translated from the pinned Japanese. Existing glossary identities reused; gameplay/effect prose is project wording. Native queue/history limits checked separately from natural scenario coverage.
tutorial.001b73b1	effect	ワナをふまない	Avoid stepping on traps		interface.action.008	project_prose_existing_glossary_stems	Independently translated from the pinned Japanese. Existing glossary identities reused; gameplay/effect prose is project wording. Native queue/history limits checked separately from natural scenario coverage.
tutorial.001b73bb	effect	人形系特殊攻撃無効	Material ability immunity			project_prose_existing_glossary_stems	Independently translated from the pinned Japanese. Existing glossary identities reused; gameplay/effect prose is project wording. Native queue/history limits checked separately from natural scenario coverage.
tutorial.001b73ce	effect	モンスターを起こす	Wake monsters			project_prose_existing_glossary_stems	Independently translated from the pinned Japanese. Existing glossary identities reused; gameplay/effect prose is project wording. Native queue/history limits checked separately from natural scenario coverage.
tutorial.001b73de	effect	黄金効果	Golden effect			project_prose_existing_glossary_stems	Independently translated from the pinned Japanese. Existing glossary identities reused; gameplay/effect prose is project wording. Native queue/history limits checked separately from natural scenario coverage. Opaque short Japanese label retained conservatively; no inferred mechanics.
tutorial.001b73e7	effect	ランダムで爆発	Random explosions			project_prose_existing_glossary_stems	Independently translated from the pinned Japanese. Existing glossary identities reused; gameplay/effect prose is project wording. Native queue/history limits checked separately from natural scenario coverage.
tutorial.001b73f6	effect	最大HP増	Maximum HP up		hp	project_prose_existing_glossary_stems	Independently translated from the pinned Japanese. Existing glossary identities reused; gameplay/effect prose is project wording. Native queue/history limits checked separately from natural scenario coverage.
tutorial.001b73ff	effect	防御力増	Defence up		defence	project_prose_existing_glossary_stems	Independently translated from the pinned Japanese. Existing glossary identities reused; gameplay/effect prose is project wording. Native queue/history limits checked separately from natural scenario coverage.
tutorial.001b7408	effect	お腹が減りにくい	Slower hunger			project_prose_existing_glossary_stems	Independently translated from the pinned Japanese. Existing glossary identities reused; gameplay/effect prose is project wording. Native queue/history limits checked separately from natural scenario coverage.
tutorial.001b7414	effect	炎ダメージ軽減	Reduce fire damage			project_prose_existing_glossary_stems	Independently translated from the pinned Japanese. Existing glossary identities reused; gameplay/effect prose is project wording. Native queue/history limits checked separately from natural scenario coverage.
tutorial.001b7423	effect	魔法攻撃無効化	Magic attack immunity		interface.action.005	project_prose_existing_glossary_stems	Independently translated from the pinned Japanese. Existing glossary identities reused; gameplay/effect prose is project wording. Native queue/history limits checked separately from natural scenario coverage.
tutorial.001b7432	effect	攻撃回避確率UP	Dodge attacks more often		interface.action.005	project_prose_existing_glossary_stems	Independently translated from the pinned Japanese. Existing glossary identities reused; gameplay/effect prose is project wording. Native queue/history limits checked separately from natural scenario coverage.
tutorial.001b7441	effect	盗みよけ	Theft protection			project_prose_existing_glossary_stems	Independently translated from the pinned Japanese. Existing glossary identities reused; gameplay/effect prose is project wording. Native queue/history limits checked separately from natural scenario coverage.
tutorial.001b7447	effect	技攻撃無効化	Ability attack immunity		interface.action.005	project_prose_existing_glossary_stems	Independently translated from the pinned Japanese. Existing glossary identities reused; gameplay/effect prose is project wording. Native queue/history limits checked separately from natural scenario coverage.
tutorial.001b7454	effect	飛び道具攻撃回避	Dodge projectiles			project_prose_existing_glossary_stems	Independently translated from the pinned Japanese. Existing glossary identities reused; gameplay/effect prose is project wording. Native queue/history limits checked separately from natural scenario coverage.
tutorial.001b7465	effect	飛び道具攻撃反射	Reflect projectiles			project_prose_existing_glossary_stems	Independently translated from the pinned Japanese. Existing glossary identities reused; gameplay/effect prose is project wording. Native queue/history limits checked separately from natural scenario coverage.
tutorial.001b7476	effect	投げたアイテムが曲がる	Thrown items curve			project_prose_existing_glossary_stems	Independently translated from the pinned Japanese. Existing glossary identities reused; gameplay/effect prose is project wording. Native queue/history limits checked separately from natural scenario coverage.
tutorial.001b748b	effect	回避率UP	Evasion up			project_prose_existing_glossary_stems	Independently translated from the pinned Japanese. Existing glossary identities reused; gameplay/effect prose is project wording. Native queue/history limits checked separately from natural scenario coverage.
tutorial.001b7494	effect	投げたものが当たらない	Thrown items miss			project_prose_existing_glossary_stems	Independently translated from the pinned Japanese. Existing glossary identities reused; gameplay/effect prose is project wording. Native queue/history limits checked separately from natural scenario coverage.
tutorial.001b74a4	effect	ワナあて	Throw to set off traps		interface.action.008	project_prose_existing_glossary_stems	Independently translated from the pinned Japanese. Existing glossary identities reused; gameplay/effect prose is project wording. Native queue/history limits checked separately from natural scenario coverage.
tutorial.001b74ab	effect	強打	Heavy blows			project_prose_existing_glossary_stems	Independently translated from the pinned Japanese. Existing glossary identities reused; gameplay/effect prose is project wording. Native queue/history limits checked separately from natural scenario coverage.
tutorial.001b74b0	effect	ランダム方向投げ	Throw in random direction			project_prose_existing_glossary_stems	Independently translated from the pinned Japanese. Existing glossary identities reused; gameplay/effect prose is project wording. Native queue/history limits checked separately from natural scenario coverage.
tutorial.001b74c1	effect	飛び道具必中	Unerring projectiles			project_prose_existing_glossary_stems	Independently translated from the pinned Japanese. Existing glossary identities reused; gameplay/effect prose is project wording. Native queue/history limits checked separately from natural scenario coverage.
tutorial.001b74ce	effect	壁や水を自由に移動	Move through walls/water		combined_item_345,interface.action.001	project_prose_existing_glossary_stems	Independently translated from the pinned Japanese. Existing glossary identities reused; gameplay/effect prose is project wording. Native queue/history limits checked separately from natural scenario coverage.
tutorial.001b74de	effect	ハラヘリ攻撃無効化	Hunger attack immunity		interface.action.005	project_prose_existing_glossary_stems	Independently translated from the pinned Japanese. Existing glossary identities reused; gameplay/effect prose is project wording. Native queue/history limits checked separately from natural scenario coverage.
tutorial.001b74f1	effect	うけながし	Parrying		combined_item_187	project_prose_existing_glossary_stems	Independently translated from the pinned Japanese. Existing glossary identities reused; gameplay/effect prose is project wording. Native queue/history limits checked separately from natural scenario coverage.
tutorial.001b74f8	effect	石像無効化	Negate statues			project_prose_existing_glossary_stems	Independently translated from the pinned Japanese. Existing glossary identities reused; gameplay/effect prose is project wording. Native queue/history limits checked separately from natural scenario coverage.
tutorial.001b7503	effect	攻撃受盾－1	Shield -1 when hit			project_prose_existing_glossary_stems	Independently translated from the pinned Japanese. Existing glossary identities reused; gameplay/effect prose is project wording. Native queue/history limits checked separately from natural scenario coverage.
tutorial.001b750f	effect	武器強さUP	Weapon power up			project_prose_existing_glossary_stems	Independently translated from the pinned Japanese. Existing glossary identities reused; gameplay/effect prose is project wording. Native queue/history limits checked separately from natural scenario coverage.
tutorial.001b7519	effect	スライム系ダメージ大	Slime damage up		enemy.slime	project_prose_existing_glossary_stems	Independently translated from the pinned Japanese. Existing glossary identities reused; gameplay/effect prose is project wording. Native queue/history limits checked separately from natural scenario coverage.
tutorial.001b752e	effect	ワナ作る	Make traps		interface.action.008	project_prose_existing_glossary_stems	Independently translated from the pinned Japanese. Existing glossary identities reused; gameplay/effect prose is project wording. Native queue/history limits checked separately from natural scenario coverage.
tutorial.001b7536	effect	付加ダメージ	Extra damage			project_prose_existing_glossary_stems	Independently translated from the pinned Japanese. Existing glossary identities reused; gameplay/effect prose is project wording. Native queue/history limits checked separately from natural scenario coverage. Opaque short Japanese label retained conservatively; no inferred mechanics.
tutorial.001b7543	effect	かなしばり攻撃	Binding attacks		combined_item_101,interface.action.005	project_prose_existing_glossary_stems	Independently translated from the pinned Japanese. Existing glossary identities reused; gameplay/effect prose is project wording. Native queue/history limits checked separately from natural scenario coverage.
tutorial.001b754e	effect	混乱攻撃	Confusing attacks		interface.action.005	project_prose_existing_glossary_stems	Independently translated from the pinned Japanese. Existing glossary identities reused; gameplay/effect prose is project wording. Native queue/history limits checked separately from natural scenario coverage.
tutorial.001b7557	effect	睡眠攻撃	Sleep attacks		interface.action.005	project_prose_existing_glossary_stems	Independently translated from the pinned Japanese. Existing glossary identities reused; gameplay/effect prose is project wording. Native queue/history limits checked separately from natural scenario coverage.
tutorial.001b7560	effect	おびえ攻撃	Frightening attacks		interface.action.005	project_prose_existing_glossary_stems	Independently translated from the pinned Japanese. Existing glossary identities reused; gameplay/effect prose is project wording. Native queue/history limits checked separately from natural scenario coverage.
tutorial.001b7569	effect	鉄化攻撃	Iron-form attacks		interface.action.005	project_prose_existing_glossary_stems	Independently translated from the pinned Japanese. Existing glossary identities reused; gameplay/effect prose is project wording. Native queue/history limits checked separately from natural scenario coverage.
tutorial.001b7572	effect	ルーラ攻撃	Warp attacks		interface.action.005	project_prose_existing_glossary_stems	Independently translated from the pinned Japanese. Existing glossary identities reused; gameplay/effect prose is project wording. Native queue/history limits checked separately from natural scenario coverage.
tutorial.001b757d	effect	バーサーカー攻撃	Berserk attacks		interface.action.005	project_prose_existing_glossary_stems	Independently translated from the pinned Japanese. Existing glossary identities reused; gameplay/effect prose is project wording. Native queue/history limits checked separately from natural scenario coverage.
tutorial.001b7720	message	$i0の持っていた<CR>[$i1]の効果が消えた！	$i0 lost its<LF>[$i1] effect!			project_prose_existing_glossary_stems	Independently translated from the pinned Japanese. Existing glossary identities reused; gameplay/effect prose is project wording. Native queue/history limits checked separately from natural scenario coverage.
tutorial.001b773f	message	$i0には外れる印がない。	$i0 has no removable seals.			project_prose_existing_glossary_stems	Independently translated from the pinned Japanese. Existing glossary identities reused; gameplay/effect prose is project wording. Native queue/history limits checked separately from natural scenario coverage.
tutorial.001b7751	message	$m0の 催眠攻撃！	$m0 uses hypnosis!			project_prose_existing_glossary_stems	Independently translated from the pinned Japanese. Existing glossary identities reused; gameplay/effect prose is project wording. Native queue/history limits checked separately from natural scenario coverage.
tutorial.001b7761	message	$m1は おかしくなった。	$m1 started acting strangely.			project_prose_existing_glossary_stems	Independently translated from the pinned Japanese. Existing glossary identities reused; gameplay/effect prose is project wording. Native queue/history limits checked separately from natural scenario coverage.
tutorial.001b7771	message	$m0は 口をふさいできた！	$m0 clamped the target's mouth shut!			project_prose_existing_glossary_stems	Independently translated from the pinned Japanese. Existing glossary identities reused; gameplay/effect prose is project wording. Native queue/history limits checked separately from natural scenario coverage.
tutorial.001b7783	message	$m0は 口をふさいだ！	$m0 clamped the target's mouth shut!			project_prose_existing_glossary_stems	Independently translated from the pinned Japanese. Existing glossary identities reused; gameplay/effect prose is project wording. Native queue/history limits checked separately from natural scenario coverage.
tutorial.001b7793	message	$m0の ふきとばすほどの攻撃！	$m0 strikes with a knockback blow!			project_prose_existing_glossary_stems	Independently translated from the pinned Japanese. Existing glossary identities reused; gameplay/effect prose is project wording. Native queue/history limits checked separately from natural scenario coverage.
tutorial.001b77a9	message	$tは 最大満腹度が$d0増えた。	$t's maximum fullness rose by $d0.		fullness	project_prose_existing_glossary_stems	Independently translated from the pinned Japanese. Existing glossary identities reused; gameplay/effect prose is project wording. Native queue/history limits checked separately from natural scenario coverage.
tutorial.001b77c3	message	$tは 最大満腹度が$d0減った。	$t's maximum fullness fell by $d0.		fullness	project_prose_existing_glossary_stems	Independently translated from the pinned Japanese. Existing glossary identities reused; gameplay/effect prose is project wording. Native queue/history limits checked separately from natural scenario coverage.
tutorial.001b77de	message	$m0は 胃下垂になってしまった！	$m0 developed a leaky belly!		core.leaky_belly	project_prose_existing_glossary_stems	Independently translated from the pinned Japanese. Existing glossary identities reused; gameplay/effect prose is project wording. Native queue/history limits checked separately from natural scenario coverage.
tutorial.001b77f6	message	$m1は 普通の状態に戻った。	$m1 returned to normal.			project_prose_existing_glossary_stems	Independently translated from the pinned Japanese. Existing glossary identities reused; gameplay/effect prose is project wording. Native queue/history limits checked separately from natural scenario coverage.
